Id,Category
1 , 7
2 , 7
3 , 9
4 , 10
5 , 4
6 , 6
7 , 10
8 , 2
9 , 5
10 , 5
11 , 2
12 , 1
13 , 6
14 , 1
15 , 8
16 , 4
17 , 5
18 , 10
19 , 1
20 , 7
21 , 7
22 , 4
23 , 6
24 , 4
25 , 3
26 , 3
27 , 6
28 , 6
29 , 3
30 , 4
31 , 3
32 , 7
33 , 6
34 , 8
35 , 10
36 , 3
37 , 5
38 , 8
39 , 3
40 , 10
41 , 2
42 , 10
43 , 1
44 , 7
45 , 6
46 , 10
47 , 2
48 , 10
49 , 4
50 , 3
51 , 4
52 , 4
53 , 1
54 , 1
55 , 9
56 , 9
57 , 7
58 , 6
59 , 3
60 , 10
61 , 1
62 , 6
63 , 1
64 , 8
65 , 10
66 , 7
67 , 6
68 , 1
69 , 1
70 , 5
71 , 10
72 , 2
73 , 8
74 , 8
75 , 3
76 , 8
77 , 2
78 , 6
79 , 6
80 , 6
81 , 4
82 , 4
83 , 10
84 , 4
85 , 1
86 , 5
87 , 1
88 , 1
89 , 4
90 , 8
91 , 10
92 , 2
93 , 10
94 , 6
95 , 6
96 , 2
97 , 8
98 , 7
99 , 9
100 , 6
101 , 9
102 , 5
103 , 1
104 , 3
105 , 9
106 , 8
107 , 6
108 , 3
109 , 4
110 , 5
111 , 8
112 , 3
113 , 6
114 , 10
115 , 1
116 , 1
117 , 1
118 , 5
119 , 10
120 , 2
121 , 8
122 , 6
123 , 9
124 , 6
125 , 3
126 , 8
127 , 10
128 , 7
129 , 5
130 , 4
131 , 7
132 , 3
133 , 6
134 , 2
135 , 5
136 , 6
137 , 1
138 , 2
139 , 6
140 , 4
141 , 6
142 , 8
143 , 10
144 , 5
145 , 5
146 , 4
147 , 4
148 , 10
149 , 7
150 , 4
151 , 3
152 , 9
153 , 8
154 , 6
155 , 1
156 , 2
157 , 8
158 , 1
159 , 3
160 , 9
161 , 6
162 , 6
163 , 6
164 , 4
165 , 6
166 , 9
167 , 10
168 , 5
169 , 1
170 , 5
171 , 7
172 , 4
173 , 4
174 , 6
175 , 10
176 , 3
177 , 4
178 , 4
179 , 2
180 , 3
181 , 1
182 , 6
183 , 9
184 , 8
185 , 9
186 , 10
187 , 8
188 , 3
189 , 10
190 , 10
191 , 7
192 , 3
193 , 9
194 , 9
195 , 9
196 , 7
197 , 9
198 , 10
199 , 6
200 , 7
201 , 1
202 , 8
203 , 9
204 , 10
205 , 6
206 , 2
207 , 10
208 , 5
209 , 3
210 , 7
211 , 7
212 , 6
213 , 9
214 , 6
215 , 5
216 , 4
217 , 10
218 , 6
219 , 2
220 , 2
221 , 1
222 , 1
223 , 9
224 , 7
225 , 3
226 , 1
227 , 5
228 , 8
229 , 3
230 , 9
231 , 8
232 , 3
233 , 10
234 , 5
235 , 7
236 , 4
237 , 5
238 , 9
239 , 2
240 , 10
241 , 9
242 , 5
243 , 9
244 , 10
245 , 1
246 , 8
247 , 2
248 , 7
249 , 1
250 , 5
251 , 9
252 , 1
253 , 10
254 , 7
255 , 8
256 , 7
257 , 4
258 , 8
259 , 6
260 , 6
261 , 6
262 , 6
263 , 7
264 , 3
265 , 3
266 , 6
267 , 10
268 , 1
269 , 6
270 , 4
271 , 10
272 , 10
273 , 2
274 , 9
275 , 2
276 , 1
277 , 10
278 , 1
279 , 9
280 , 1
281 , 5
282 , 2
283 , 9
284 , 1
285 , 1
286 , 10
287 , 10
288 , 1
289 , 10
290 , 2
291 , 9
292 , 9
293 , 8
294 , 6
295 , 5
296 , 4
297 , 5
298 , 3
299 , 10
300 , 7
301 , 1
302 , 10
303 , 2
304 , 10
305 , 5
306 , 6
307 , 1
308 , 2
309 , 7
310 , 8
311 , 8
312 , 4
313 , 6
314 , 3
315 , 6
316 , 1
317 , 8
318 , 3
319 , 10
320 , 6
321 , 9
322 , 4
323 , 6
324 , 6
325 , 4
326 , 8
327 , 8
328 , 7
329 , 1
330 , 10
331 , 6
332 , 5
333 , 1
334 , 8
335 , 9
336 , 2
337 , 2
338 , 7
339 , 10
340 , 5
341 , 10
342 , 7
343 , 8
344 , 10
345 , 5
346 , 1
347 , 10
348 , 10
349 , 9
350 , 8
351 , 7
352 , 6
353 , 10
354 , 6
355 , 8
356 , 6
357 , 4
358 , 8
359 , 6
360 , 9
361 , 7
362 , 4
363 , 1
364 , 6
365 , 7
366 , 6
367 , 9
368 , 6
369 , 3
370 , 3
371 , 4
372 , 10
373 , 6
374 , 4
375 , 9
376 , 9
377 , 3
378 , 8
379 , 6
380 , 2
381 , 3
382 , 3
383 , 5
384 , 5
385 , 8
386 , 7
387 , 4
388 , 2
389 , 9
390 , 1
391 , 9
392 , 8
393 , 1
394 , 5
395 , 4
396 , 8
397 , 7
398 , 1
399 , 1
400 , 1
401 , 5
402 , 6
403 , 10
404 , 6
405 , 7
406 , 1
407 , 10
408 , 3
409 , 8
410 , 3
411 , 8
412 , 7
413 , 6
414 , 9
415 , 9
416 , 8
417 , 4
418 , 3
419 , 1
420 , 10
421 , 6
422 , 2
423 , 1
424 , 2
425 , 3
426 , 7
427 , 3
428 , 9
429 , 6
430 , 10
431 , 9
432 , 3
433 , 5
434 , 4
435 , 7
436 , 4
437 , 2
438 , 3
439 , 10
440 , 9
441 , 8
442 , 9
443 , 1
444 , 7
445 , 1
446 , 5
447 , 6
448 , 6
449 , 3
450 , 7
451 , 7
452 , 5
453 , 1
454 , 9
455 , 7
456 , 10
457 , 1
458 , 8
459 , 8
460 , 10
461 , 9
462 , 10
463 , 4
464 , 4
465 , 8
466 , 5
467 , 8
468 , 10
469 , 8
470 , 7
471 , 3
472 , 10
473 , 5
474 , 10
475 , 2
476 , 7
477 , 6
478 , 5
479 , 7
480 , 4
481 , 1
482 , 8
483 , 1
484 , 6
485 , 1
486 , 3
487 , 9
488 , 4
489 , 6
490 , 2
491 , 5
492 , 1
493 , 9
494 , 8
495 , 10
496 , 4
497 , 3
498 , 10
499 , 7
500 , 6
501 , 7
502 , 8
503 , 10
504 , 4
505 , 7
506 , 6
507 , 8
508 , 8
509 , 1
510 , 6
511 , 4
512 , 6
513 , 2
514 , 7
515 , 3
516 , 3
517 , 4
518 , 3
519 , 10
520 , 3
521 , 6
522 , 4
523 , 5
524 , 7
525 , 4
526 , 2
527 , 9
528 , 1
529 , 7
530 , 3
531 , 2
532 , 6
533 , 6
534 , 8
535 , 4
536 , 1
537 , 5
538 , 2
539 , 7
540 , 9
541 , 2
542 , 8
543 , 8
544 , 8
545 , 1
546 , 4
547 , 8
548 , 8
549 , 10
550 , 3
551 , 1
552 , 1
553 , 3
554 , 9
555 , 7
556 , 3
557 , 9
558 , 6
559 , 10
560 , 7
561 , 1
562 , 6
563 , 1
564 , 8
565 , 4
566 , 3
567 , 2
568 , 6
569 , 4
570 , 7
571 , 6
572 , 8
573 , 4
574 , 10
575 , 6
576 , 8
577 , 8
578 , 6
579 , 7
580 , 2
581 , 7
582 , 10
583 , 3
584 , 8
585 , 10
586 , 9
587 , 6
588 , 8
589 , 1
590 , 8
591 , 4
592 , 9
593 , 8
594 , 3
595 , 5
596 , 8
597 , 8
598 , 1
599 , 6
600 , 7
601 , 5
602 , 6
603 , 9
604 , 3
605 , 8
606 , 8
607 , 4
608 , 10
609 , 2
610 , 9
611 , 9
612 , 9
613 , 8
614 , 5
615 , 4
616 , 6
617 , 10
618 , 8
619 , 4
620 , 7
621 , 8
622 , 2
623 , 1
624 , 4
625 , 4
626 , 1
627 , 4
628 , 5
629 , 2
630 , 7
631 , 1
632 , 10
633 , 4
634 , 6
635 , 7
636 , 4
637 , 2
638 , 6
639 , 9
640 , 3
641 , 7
642 , 8
643 , 7
644 , 5
645 , 6
646 , 8
647 , 4
648 , 4
649 , 4
650 , 6
651 , 5
652 , 4
653 , 9
654 , 3
655 , 7
656 , 10
657 , 5
658 , 1
659 , 8
660 , 10
661 , 8
662 , 2
663 , 5
664 , 5
665 , 4
666 , 3
667 , 7
668 , 9
669 , 4
670 , 4
671 , 1
672 , 1
673 , 4
674 , 9
675 , 3
676 , 6
677 , 7
678 , 4
679 , 9
680 , 4
681 , 6
682 , 3
683 , 5
684 , 6
685 , 6
686 , 7
687 , 10
688 , 6
689 , 9
690 , 6
691 , 3
692 , 5
693 , 7
694 , 6
695 , 10
696 , 4
697 , 8
698 , 8
699 , 9
700 , 1
701 , 7
702 , 6
703 , 9
704 , 7
705 , 10
706 , 10
707 , 9
708 , 6
709 , 10
710 , 10
711 , 3
712 , 10
713 , 1
714 , 6
715 , 10
716 , 2
717 , 9
718 , 2
719 , 9
720 , 2
721 , 9
722 , 7
723 , 8
724 , 10
725 , 6
726 , 5
727 , 1
728 , 10
729 , 1
730 , 1
731 , 4
732 , 1
733 , 9
734 , 2
735 , 5
736 , 1
737 , 9
738 , 9
739 , 6
740 , 9
741 , 9
742 , 1
743 , 9
744 , 8
745 , 1
746 , 10
747 , 4
748 , 10
749 , 5
750 , 6
751 , 8
752 , 5
753 , 1
754 , 8
755 , 1
756 , 3
757 , 5
758 , 10
759 , 4
760 , 10
761 , 7
762 , 6
763 , 5
764 , 3
765 , 2
766 , 9
767 , 7
768 , 9
769 , 8
770 , 5
771 , 7
772 , 6
773 , 10
774 , 6
775 , 5
776 , 6
777 , 10
778 , 9
779 , 2
780 , 6
781 , 1
782 , 10
783 , 1
784 , 5
785 , 8
786 , 10
787 , 3
788 , 6
789 , 7
790 , 9
791 , 8
792 , 4
793 , 3
794 , 8
795 , 5
796 , 10
797 , 4
798 , 10
799 , 3
800 , 5
801 , 9
802 , 9
803 , 10
804 , 3
805 , 8
806 , 9
807 , 1
808 , 9
809 , 1
810 , 1
811 , 4
812 , 6
813 , 10
814 , 7
815 , 6
816 , 4
817 , 3
818 , 5
819 , 10
820 , 3
821 , 3
822 , 8
823 , 1
824 , 2
825 , 9
826 , 1
827 , 10
828 , 5
829 , 5
830 , 9
831 , 2
832 , 2
833 , 1
834 , 8
835 , 9
836 , 2
837 , 8
838 , 9
839 , 10
840 , 6
841 , 6
842 , 10
843 , 9
844 , 7
845 , 3
846 , 3
847 , 8
848 , 6
849 , 6
850 , 3
851 , 6
852 , 3
853 , 10
854 , 6
855 , 7
856 , 4
857 , 6
858 , 7
859 , 1
860 , 8
861 , 3
862 , 1
863 , 6
864 , 4
865 , 8
866 , 3
867 , 1
868 , 1
869 , 4
870 , 8
871 , 9
872 , 9
873 , 7
874 , 7
875 , 5
876 , 10
877 , 6
878 , 8
879 , 9
880 , 8
881 , 10
882 , 8
883 , 7
884 , 5
885 , 1
886 , 8
887 , 9
888 , 5
889 , 3
890 , 3
891 , 7
892 , 1
893 , 7
894 , 10
895 , 1
896 , 3
897 , 5
898 , 4
899 , 8
900 , 1
901 , 6
902 , 7
903 , 8
904 , 9
905 , 3
906 , 3
907 , 9
908 , 3
909 , 10
910 , 8
911 , 1
912 , 9
913 , 9
914 , 10
915 , 7
916 , 7
917 , 2
918 , 1
919 , 6
920 , 9
921 , 7
922 , 8
923 , 6
924 , 1
925 , 4
926 , 7
927 , 1
928 , 10
929 , 2
930 , 7
931 , 1
932 , 9
933 , 10
934 , 6
935 , 6
936 , 10
937 , 4
938 , 5
939 , 6
940 , 9
941 , 1
942 , 5
943 , 9
944 , 4
945 , 3
946 , 4
947 , 6
948 , 10
949 , 1
950 , 10
951 , 3
952 , 6
953 , 10
954 , 2
955 , 4
956 , 9
957 , 10
958 , 3
959 , 9
960 , 8
961 , 7
962 , 7
963 , 9
964 , 6
965 , 7
966 , 5
967 , 10
968 , 7
969 , 6
970 , 4
971 , 5
972 , 9
973 , 2
974 , 1
975 , 1
976 , 8
977 , 2
978 , 6
979 , 7
980 , 6
981 , 1
982 , 3
983 , 4
984 , 5
985 , 1
986 , 10
987 , 8
988 , 3
989 , 10
990 , 1
991 , 1
992 , 3
993 , 10
994 , 7
995 , 6
996 , 3
997 , 7
998 , 1
999 , 9
1000 , 10
1001 , 8
1002 , 10
1003 , 9
1004 , 3
1005 , 3
1006 , 10
1007 , 8
1008 , 2
1009 , 8
1010 , 2
1011 , 6
1012 , 5
1013 , 2
1014 , 6
1015 , 10
1016 , 3
1017 , 3
1018 , 7
1019 , 6
1020 , 2
1021 , 8
1022 , 9
1023 , 10
1024 , 3
1025 , 7
1026 , 1
1027 , 1
1028 , 7
1029 , 1
1030 , 10
1031 , 5
1032 , 5
1033 , 8
1034 , 2
1035 , 7
1036 , 8
1037 , 7
1038 , 9
1039 , 4
1040 , 8
1041 , 3
1042 , 10
1043 , 8
1044 , 1
1045 , 10
1046 , 1
1047 , 7
1048 , 7
1049 , 5
1050 , 10
1051 , 5
1052 , 1
1053 , 2
1054 , 4
1055 , 9
1056 , 9
1057 , 3
1058 , 8
1059 , 8
1060 , 3
1061 , 8
1062 , 4
1063 , 6
1064 , 1
1065 , 2
1066 , 1
1067 , 8
1068 , 9
1069 , 3
1070 , 5
1071 , 4
1072 , 5
1073 , 10
1074 , 10
1075 , 10
1076 , 5
1077 , 4
1078 , 6
1079 , 10
1080 , 3
1081 , 6
1082 , 4
1083 , 10
1084 , 8
1085 , 4
1086 , 7
1087 , 7
1088 , 8
1089 , 8
1090 , 4
1091 , 5
1092 , 9
1093 , 5
1094 , 9
1095 , 9
1096 , 6
1097 , 7
1098 , 1
1099 , 2
1100 , 2
1101 , 2
1102 , 8
1103 , 5
1104 , 7
1105 , 1
1106 , 10
1107 , 8
1108 , 7
1109 , 5
1110 , 7
1111 , 6
1112 , 5
1113 , 10
1114 , 5
1115 , 8
1116 , 6
1117 , 7
1118 , 9
1119 , 7
1120 , 9
1121 , 2
1122 , 7
1123 , 5
1124 , 1
1125 , 6
1126 , 6
1127 , 10
1128 , 2
1129 , 3
1130 , 9
1131 , 8
1132 , 6
1133 , 6
1134 , 9
1135 , 5
1136 , 1
1137 , 6
1138 , 9
1139 , 6
1140 , 6
1141 , 6
1142 , 8
1143 , 6
1144 , 7
1145 , 1
1146 , 8
1147 , 3
1148 , 8
1149 , 3
1150 , 5
1151 , 1
1152 , 6
1153 , 5
1154 , 7
1155 , 7
1156 , 5
1157 , 6
1158 , 1
1159 , 4
1160 , 6
1161 , 5
1162 , 8
1163 , 1
1164 , 10
1165 , 9
1166 , 10
1167 , 9
1168 , 10
1169 , 4
1170 , 7
1171 , 4
1172 , 4
1173 , 6
1174 , 7
1175 , 8
1176 , 1
1177 , 5
1178 , 10
1179 , 2
1180 , 10
1181 , 8
1182 , 7
1183 , 2
1184 , 3
1185 , 2
1186 , 4
1187 , 10
1188 , 4
1189 , 5
1190 , 9
1191 , 8
1192 , 8
1193 , 8
1194 , 5
1195 , 7
1196 , 8
1197 , 10
1198 , 9
1199 , 3
1200 , 8
1201 , 7
1202 , 1
1203 , 3
1204 , 9
1205 , 4
1206 , 1
1207 , 9
1208 , 7
1209 , 5
1210 , 2
1211 , 6
1212 , 5
1213 , 10
1214 , 4
1215 , 5
1216 , 7
1217 , 5
1218 , 7
1219 , 2
1220 , 9
1221 , 8
1222 , 2
1223 , 4
1224 , 5
1225 , 8
1226 , 8
1227 , 7
1228 , 1
1229 , 7
1230 , 7
1231 , 2
1232 , 3
1233 , 6
1234 , 6
1235 , 7
1236 , 6
1237 , 1
1238 , 8
1239 , 6
1240 , 1
1241 , 10
1242 , 8
1243 , 5
1244 , 7
1245 , 8
1246 , 4
1247 , 4
1248 , 9
1249 , 5
1250 , 3
1251 , 4
1252 , 7
1253 , 1
1254 , 5
1255 , 3
1256 , 9
1257 , 5
1258 , 3
1259 , 3
1260 , 5
1261 , 1
1262 , 8
1263 , 8
1264 , 6
1265 , 1
1266 , 1
1267 , 5
1268 , 9
1269 , 3
1270 , 9
1271 , 7
1272 , 9
1273 , 7
1274 , 10
1275 , 8
1276 , 8
1277 , 3
1278 , 6
1279 , 2
1280 , 2
1281 , 5
1282 , 6
1283 , 10
1284 , 3
1285 , 1
1286 , 10
1287 , 2
1288 , 8
1289 , 6
1290 , 4
1291 , 6
1292 , 7
1293 , 1
1294 , 1
1295 , 9
1296 , 8
1297 , 8
1298 , 3
1299 , 8
1300 , 5
1301 , 5
1302 , 10
1303 , 1
1304 , 8
1305 , 7
1306 , 1
1307 , 10
1308 , 1
1309 , 2
1310 , 8
1311 , 8
1312 , 3
1313 , 6
1314 , 9
1315 , 10
1316 , 6
1317 , 8
1318 , 4
1319 , 6
1320 , 9
1321 , 7
1322 , 8
1323 , 7
1324 , 3
1325 , 1
1326 , 3
1327 , 1
1328 , 4
1329 , 4
1330 , 8
1331 , 7
1332 , 8
1333 , 9
1334 , 6
1335 , 10
1336 , 4
1337 , 5
1338 , 8
1339 , 10
1340 , 8
1341 , 1
1342 , 7
1343 , 4
1344 , 4
1345 , 9
1346 , 10
1347 , 4
1348 , 7
1349 , 2
1350 , 6
1351 , 10
1352 , 7
1353 , 6
1354 , 1
1355 , 8
1356 , 1
1357 , 3
1358 , 9
1359 , 4
1360 , 7
1361 , 7
1362 , 6
1363 , 6
1364 , 9
1365 , 8
1366 , 10
1367 , 9
1368 , 2
1369 , 10
1370 , 7
1371 , 6
1372 , 6
1373 , 6
1374 , 9
1375 , 2
1376 , 9
1377 , 5
1378 , 1
1379 , 6
1380 , 3
1381 , 1
1382 , 5
1383 , 3
1384 , 2
1385 , 2
1386 , 6
1387 , 1
1388 , 2
1389 , 6
1390 , 1
1391 , 5
1392 , 8
1393 , 8
1394 , 6
1395 , 6
1396 , 6
1397 , 6
1398 , 4
1399 , 6
1400 , 10
1401 , 7
1402 , 4
1403 , 8
1404 , 3
1405 , 2
1406 , 10
1407 , 5
1408 , 6
1409 , 10
1410 , 6
1411 , 5
1412 , 10
1413 , 2
1414 , 3
1415 , 3
1416 , 10
1417 , 2
1418 , 8
1419 , 4
1420 , 3
1421 , 9
1422 , 8
1423 , 10
1424 , 2
1425 , 1
1426 , 9
1427 , 6
1428 , 10
1429 , 2
1430 , 4
1431 , 10
1432 , 6
1433 , 6
1434 , 6
1435 , 2
1436 , 7
1437 , 2
1438 , 9
1439 , 4
1440 , 3
1441 , 8
1442 , 1
1443 , 1
1444 , 9
1445 , 9
1446 , 10
1447 , 1
1448 , 5
1449 , 9
1450 , 1
1451 , 4
1452 , 9
1453 , 8
1454 , 3
1455 , 7
1456 , 10
1457 , 9
1458 , 4
1459 , 3
1460 , 5
1461 , 10
1462 , 8
1463 , 8
1464 , 1
1465 , 6
1466 , 9
1467 , 10
1468 , 5
1469 , 10
1470 , 2
1471 , 7
1472 , 1
1473 , 10
1474 , 2
1475 , 5
1476 , 5
1477 , 7
1478 , 7
1479 , 6
1480 , 6
1481 , 6
1482 , 7
1483 , 8
1484 , 1
1485 , 6
1486 , 3
1487 , 10
1488 , 10
1489 , 4
1490 , 4
1491 , 1
1492 , 1
1493 , 10
1494 , 1
1495 , 9
1496 , 7
1497 , 10
1498 , 1
1499 , 6
1500 , 3
1501 , 10
1502 , 10
1503 , 8
1504 , 1
1505 , 10
1506 , 10
1507 , 7
1508 , 10
1509 , 10
1510 , 3
1511 , 6
1512 , 6
1513 , 4
1514 , 8
1515 , 2
1516 , 10
1517 , 5
1518 , 10
1519 , 1
1520 , 2
1521 , 6
1522 , 9
1523 , 10
1524 , 4
1525 , 8
1526 , 4
1527 , 7
1528 , 6
1529 , 2
1530 , 3
1531 , 10
1532 , 7
1533 , 4
1534 , 9
1535 , 5
1536 , 3
1537 , 4
1538 , 1
1539 , 8
1540 , 1
1541 , 8
1542 , 3
1543 , 5
1544 , 10
1545 , 7
1546 , 4
1547 , 6
1548 , 10
1549 , 1
1550 , 8
1551 , 5
1552 , 6
1553 , 6
1554 , 1
1555 , 5
1556 , 7
1557 , 4
1558 , 4
1559 , 4
1560 , 6
1561 , 8
1562 , 7
1563 , 4
1564 , 7
1565 , 7
1566 , 6
1567 , 1
1568 , 1
1569 , 2
1570 , 9
1571 , 4
1572 , 5
1573 , 10
1574 , 9
1575 , 6
1576 , 1
1577 , 1
1578 , 7
1579 , 4
1580 , 4
1581 , 3
1582 , 4
1583 , 5
1584 , 2
1585 , 1
1586 , 10
1587 , 3
1588 , 4
1589 , 8
1590 , 4
1591 , 7
1592 , 10
1593 , 5
1594 , 8
1595 , 6
1596 , 4
1597 , 1
1598 , 10
1599 , 1
1600 , 10
1601 , 6
1602 , 8
1603 , 7
1604 , 10
1605 , 7
1606 , 6
1607 , 7
1608 , 8
1609 , 8
1610 , 2
1611 , 7
1612 , 8
1613 , 5
1614 , 3
1615 , 9
1616 , 7
1617 , 9
1618 , 2
1619 , 6
1620 , 4
1621 , 6
1622 , 6
1623 , 4
1624 , 3
1625 , 9
1626 , 5
1627 , 6
1628 , 8
1629 , 1
1630 , 5
1631 , 9
1632 , 8
1633 , 4
1634 , 6
1635 , 2
1636 , 7
1637 , 6
1638 , 8
1639 , 2
1640 , 6
1641 , 6
1642 , 6
1643 , 4
1644 , 10
1645 , 6
1646 , 2
1647 , 10
1648 , 6
1649 , 1
1650 , 10
1651 , 9
1652 , 10
1653 , 9
1654 , 4
1655 , 10
1656 , 1
1657 , 8
1658 , 2
1659 , 9
1660 , 2
1661 , 8
1662 , 8
1663 , 6
1664 , 6
1665 , 8
1666 , 10
1667 , 9
1668 , 10
1669 , 3
1670 , 5
1671 , 7
1672 , 8
1673 , 1
1674 , 7
1675 , 10
1676 , 5
1677 , 6
1678 , 6
1679 , 3
1680 , 9
1681 , 7
1682 , 8
1683 , 6
1684 , 7
1685 , 8
1686 , 5
1687 , 3
1688 , 8
1689 , 8
1690 , 8
1691 , 6
1692 , 6
1693 , 3
1694 , 1
1695 , 5
1696 , 8
1697 , 5
1698 , 6
1699 , 10
1700 , 10
1701 , 6
1702 , 2
1703 , 6
1704 , 5
1705 , 7
1706 , 1
1707 , 4
1708 , 9
1709 , 6
1710 , 9
1711 , 10
1712 , 8
1713 , 9
1714 , 6
1715 , 10
1716 , 6
1717 , 8
1718 , 9
1719 , 8
1720 , 4
1721 , 9
1722 , 9
1723 , 6
1724 , 2
1725 , 10
1726 , 10
1727 , 6
1728 , 3
1729 , 3
1730 , 9
1731 , 3
1732 , 3
1733 , 9
1734 , 3
1735 , 8
1736 , 1
1737 , 4
1738 , 7
1739 , 6
1740 , 4
1741 , 8
1742 , 8
1743 , 7
1744 , 5
1745 , 8
1746 , 5
1747 , 10
1748 , 9
1749 , 1
1750 , 9
1751 , 1
1752 , 1
1753 , 9
1754 , 4
1755 , 1
1756 , 10
1757 , 9
1758 , 2
1759 , 6
1760 , 3
1761 , 9
1762 , 1
1763 , 3
1764 , 6
1765 , 9
1766 , 9
1767 , 6
1768 , 10
1769 , 2
1770 , 6
1771 , 7
1772 , 6
1773 , 1
1774 , 10
1775 , 2
1776 , 4
1777 , 2
1778 , 9
1779 , 7
1780 , 6
1781 , 3
1782 , 8
1783 , 1
1784 , 9
1785 , 3
1786 , 9
1787 , 10
1788 , 4
1789 , 6
1790 , 3
1791 , 6
1792 , 3
1793 , 10
1794 , 10
1795 , 2
1796 , 2
1797 , 9
1798 , 1
1799 , 10
1800 , 6
1801 , 8
1802 , 5
1803 , 10
1804 , 7
1805 , 4
1806 , 2
1807 , 6
1808 , 2
1809 , 3
1810 , 8
1811 , 7
1812 , 1
1813 , 7
1814 , 8
1815 , 10
1816 , 10
1817 , 9
1818 , 6
1819 , 6
1820 , 7
1821 , 3
1822 , 2
1823 , 7
1824 , 5
1825 , 1
1826 , 4
1827 , 9
1828 , 3
1829 , 1
1830 , 4
1831 , 1
1832 , 5
1833 , 2
1834 , 9
1835 , 9
1836 , 2
1837 , 10
1838 , 10
1839 , 7
1840 , 3
1841 , 8
1842 , 8
1843 , 3
1844 , 3
1845 , 10
1846 , 9
1847 , 5
1848 , 5
1849 , 5
1850 , 5
1851 , 1
1852 , 3
1853 , 2
1854 , 4
1855 , 7
1856 , 9
1857 , 8
1858 , 1
1859 , 10
1860 , 5
1861 , 7
1862 , 5
1863 , 9
1864 , 7
1865 , 5
1866 , 9
1867 , 4
1868 , 1
1869 , 6
1870 , 6
1871 , 5
1872 , 9
1873 , 4
1874 , 9
1875 , 2
1876 , 6
1877 , 7
1878 , 6
1879 , 2
1880 , 8
1881 , 9
1882 , 6
1883 , 7
1884 , 8
1885 , 5
1886 , 10
1887 , 1
1888 , 1
1889 , 5
1890 , 6
1891 , 4
1892 , 4
1893 , 4
1894 , 10
1895 , 10
1896 , 7
1897 , 4
1898 , 9
1899 , 1
1900 , 5
1901 , 6
1902 , 1
1903 , 1
1904 , 6
1905 , 2
1906 , 5
1907 , 7
1908 , 3
1909 , 7
1910 , 1
1911 , 5
1912 , 7
1913 , 8
1914 , 7
1915 , 5
1916 , 10
1917 , 9
1918 , 1
1919 , 6
1920 , 6
1921 , 2
1922 , 1
1923 , 9
1924 , 6
1925 , 4
1926 , 7
1927 , 1
1928 , 8
1929 , 5
1930 , 3
1931 , 4
1932 , 7
1933 , 7
1934 , 2
1935 , 10
1936 , 7
1937 , 10
1938 , 10
1939 , 8
1940 , 7
1941 , 1
1942 , 4
1943 , 4
1944 , 6
1945 , 7
1946 , 6
1947 , 4
1948 , 3
1949 , 10
1950 , 4
1951 , 7
1952 , 2
1953 , 9
1954 , 3
1955 , 1
1956 , 5
1957 , 5
1958 , 2
1959 , 1
1960 , 10
1961 , 6
1962 , 4
1963 , 6
1964 , 3
1965 , 3
1966 , 2
1967 , 6
1968 , 6
1969 , 6
1970 , 1
1971 , 2
1972 , 6
1973 , 10
1974 , 1
1975 , 7
1976 , 6
1977 , 9
1978 , 1
1979 , 4
1980 , 6
1981 , 6
1982 , 1
1983 , 2
1984 , 9
1985 , 5
1986 , 8
1987 , 2
1988 , 1
1989 , 1
1990 , 10
1991 , 4
1992 , 5
1993 , 4
1994 , 2
1995 , 10
1996 , 2
1997 , 2
1998 , 3
1999 , 2
2000 , 10
2001 , 4
2002 , 8
2003 , 9
2004 , 7
2005 , 1
2006 , 7
2007 , 4
2008 , 4
2009 , 6
2010 , 1
2011 , 6
2012 , 10
2013 , 10
2014 , 6
2015 , 7
2016 , 2
2017 , 4
2018 , 3
2019 , 9
2020 , 6
2021 , 8
2022 , 5
2023 , 4
2024 , 1
2025 , 1
2026 , 1
2027 , 4
2028 , 2
2029 , 4
2030 , 10
2031 , 6
2032 , 4
2033 , 6
2034 , 9
2035 , 3
2036 , 9
2037 , 10
2038 , 8
2039 , 9
2040 , 9
2041 , 10
2042 , 6
2043 , 1
2044 , 1
2045 , 2
2046 , 4
2047 , 7
2048 , 9
2049 , 1
2050 , 5
2051 , 2
2052 , 6
2053 , 2
2054 , 2
2055 , 6
2056 , 9
2057 , 8
2058 , 10
2059 , 1
2060 , 9
2061 , 8
2062 , 4
2063 , 10
2064 , 8
2065 , 5
2066 , 7
2067 , 4
2068 , 6
2069 , 4
2070 , 4
2071 , 10
2072 , 5
2073 , 10
2074 , 6
2075 , 9
2076 , 1
2077 , 10
2078 , 3
2079 , 3
2080 , 5
2081 , 2
2082 , 9
2083 , 1
2084 , 10
2085 , 5
2086 , 1
2087 , 4
2088 , 8
2089 , 3
2090 , 5
2091 , 8
2092 , 2
2093 , 1
2094 , 1
2095 , 4
2096 , 2
2097 , 7
2098 , 4
2099 , 7
2100 , 10
2101 , 7
2102 , 7
2103 , 1
2104 , 7
2105 , 1
2106 , 9
2107 , 8
2108 , 7
2109 , 9
2110 , 9
2111 , 6
2112 , 4
2113 , 8
2114 , 6
2115 , 10
2116 , 1
2117 , 4
2118 , 9
2119 , 8
2120 , 4
2121 , 7
2122 , 6
2123 , 1
2124 , 1
2125 , 8
2126 , 8
2127 , 8
2128 , 4
2129 , 8
2130 , 3
2131 , 6
2132 , 7
2133 , 10
2134 , 7
2135 , 5
2136 , 3
2137 , 6
2138 , 6
2139 , 2
2140 , 8
2141 , 1
2142 , 3
2143 , 6
2144 , 5
2145 , 6
2146 , 5
2147 , 7
2148 , 10
2149 , 2
2150 , 8
2151 , 5
2152 , 2
2153 , 6
2154 , 4
2155 , 10
2156 , 9
2157 , 6
2158 , 2
2159 , 9
2160 , 3
2161 , 4
2162 , 8
2163 , 8
2164 , 7
2165 , 2
2166 , 2
2167 , 10
2168 , 10
2169 , 4
2170 , 2
2171 , 5
2172 , 7
2173 , 1
2174 , 10
2175 , 9
2176 , 6
2177 , 8
2178 , 5
2179 , 5
2180 , 6
2181 , 6
2182 , 2
2183 , 8
2184 , 7
2185 , 9
2186 , 9
2187 , 10
2188 , 8
2189 , 9
2190 , 6
2191 , 1
2192 , 1
2193 , 9
2194 , 5
2195 , 10
2196 , 8
2197 , 10
2198 , 7
2199 , 10
2200 , 6
2201 , 3
2202 , 6
2203 , 2
2204 , 10
2205 , 9
2206 , 6
2207 , 4
2208 , 8
2209 , 9
2210 , 5
2211 , 10
2212 , 9
2213 , 10
2214 , 3
2215 , 1
2216 , 10
2217 , 4
2218 , 1
2219 , 8
2220 , 8
2221 , 4
2222 , 8
2223 , 4
2224 , 10
2225 , 7
2226 , 7
2227 , 6
2228 , 6
2229 , 4
2230 , 7
2231 , 10
2232 , 3
2233 , 10
2234 , 9
2235 , 10
2236 , 3
2237 , 6
2238 , 2
2239 , 9
2240 , 1
2241 , 1
2242 , 9
2243 , 1
2244 , 6
2245 , 8
2246 , 7
2247 , 2
2248 , 9
2249 , 10
2250 , 1
2251 , 6
2252 , 8
2253 , 3
2254 , 6
2255 , 7
2256 , 4
2257 , 10
2258 , 10
2259 , 5
2260 , 8
2261 , 10
2262 , 1
2263 , 8
2264 , 8
2265 , 6
2266 , 6
2267 , 7
2268 , 6
2269 , 6
2270 , 8
2271 , 9
2272 , 7
2273 , 1
2274 , 6
2275 , 7
2276 , 6
2277 , 7
2278 , 9
2279 , 1
2280 , 5
2281 , 5
2282 , 6
2283 , 3
2284 , 4
2285 , 3
2286 , 8
2287 , 8
2288 , 9
2289 , 3
2290 , 1
2291 , 3
2292 , 8
2293 , 6
2294 , 5
2295 , 1
2296 , 2
2297 , 4
2298 , 2
2299 , 3
2300 , 4
2301 , 1
2302 , 9
2303 , 10
2304 , 2
2305 , 5
2306 , 10
2307 , 6
2308 , 5
2309 , 3
2310 , 3
2311 , 6
2312 , 4
2313 , 8
2314 , 10
2315 , 1
2316 , 8
2317 , 8
2318 , 3
2319 , 4
2320 , 10
2321 , 5
2322 , 3
2323 , 7
2324 , 6
2325 , 7
2326 , 10
2327 , 1
2328 , 9
2329 , 10
2330 , 1
2331 , 1
2332 , 2
2333 , 6
2334 , 10
2335 , 6
2336 , 9
2337 , 10
2338 , 1
2339 , 3
2340 , 3
2341 , 9
2342 , 8
2343 , 10
2344 , 5
2345 , 1
2346 , 3
2347 , 1
2348 , 8
2349 , 6
2350 , 4
2351 , 5
2352 , 10
2353 , 8
2354 , 6
2355 , 10
2356 , 9
2357 , 10
2358 , 6
2359 , 7
2360 , 3
2361 , 2
2362 , 10
2363 , 4
2364 , 5
2365 , 2
2366 , 1
2367 , 4
2368 , 2
2369 , 6
2370 , 9
2371 , 10
2372 , 9
2373 , 7
2374 , 6
2375 , 10
2376 , 2
2377 , 4
2378 , 1
2379 , 9
2380 , 9
2381 , 3
2382 , 1
2383 , 5
2384 , 4
2385 , 4
2386 , 8
2387 , 8
2388 , 9
2389 , 5
2390 , 5
2391 , 8
2392 , 4
2393 , 3
2394 , 4
2395 , 9
2396 , 7
2397 , 7
2398 , 9
2399 , 2
2400 , 7
2401 , 10
2402 , 5
2403 , 6
2404 , 7
2405 , 2
2406 , 7
2407 , 9
2408 , 7
2409 , 8
2410 , 8
2411 , 4
2412 , 10
2413 , 10
2414 , 2
2415 , 10
2416 , 3
2417 , 4
2418 , 10
2419 , 9
2420 , 5
2421 , 10
2422 , 8
2423 , 10
2424 , 8
2425 , 1
2426 , 1
2427 , 9
2428 , 6
2429 , 4
2430 , 9
2431 , 7
2432 , 9
2433 , 1
2434 , 2
2435 , 4
2436 , 10
2437 , 3
2438 , 8
2439 , 4
2440 , 9
2441 , 8
2442 , 2
2443 , 3
2444 , 8
2445 , 7
2446 , 8
2447 , 3
2448 , 9
2449 , 8
2450 , 5
2451 , 4
2452 , 6
2453 , 10
2454 , 6
2455 , 4
2456 , 8
2457 , 6
2458 , 10
2459 , 6
2460 , 10
2461 , 6
2462 , 2
2463 , 7
2464 , 1
2465 , 7
2466 , 5
2467 , 1
2468 , 1
2469 , 9
2470 , 10
2471 , 7
2472 , 2
2473 , 1
2474 , 6
2475 , 5
2476 , 10
2477 , 9
2478 , 6
2479 , 1
2480 , 1
2481 , 5
2482 , 9
2483 , 6
2484 , 5
2485 , 1
2486 , 5
2487 , 9
2488 , 9
2489 , 5
2490 , 9
2491 , 8
2492 , 10
2493 , 3
2494 , 1
2495 , 4
2496 , 5
2497 , 1
2498 , 8
2499 , 9
2500 , 4
2501 , 9
2502 , 8
2503 , 3
2504 , 3
2505 , 8
2506 , 8
2507 , 5
2508 , 8
2509 , 3
2510 , 9
2511 , 1
2512 , 3
2513 , 8
2514 , 6
2515 , 6
2516 , 8
2517 , 8
2518 , 5
2519 , 1
2520 , 6
2521 , 9
2522 , 5
2523 , 1
2524 , 6
2525 , 6
2526 , 4
2527 , 9
2528 , 10
2529 , 8
2530 , 4
2531 , 5
2532 , 9
2533 , 10
2534 , 1
2535 , 10
2536 , 10
2537 , 4
2538 , 6
2539 , 6
2540 , 4
2541 , 5
2542 , 8
2543 , 10
2544 , 2
2545 , 8
2546 , 4
2547 , 7
2548 , 10
2549 , 5
2550 , 7
2551 , 7
2552 , 10
2553 , 5
2554 , 3
2555 , 5
2556 , 8
2557 , 2
2558 , 9
2559 , 4
2560 , 9
2561 , 1
2562 , 7
2563 , 9
2564 , 5
2565 , 5
2566 , 7
2567 , 4
2568 , 8
2569 , 8
2570 , 5
2571 , 10
2572 , 3
2573 , 7
2574 , 5
2575 , 9
2576 , 1
2577 , 5
2578 , 10
2579 , 8
2580 , 5
2581 , 9
2582 , 4
2583 , 6
2584 , 10
2585 , 1
2586 , 7
2587 , 7
2588 , 4
2589 , 5
2590 , 8
2591 , 10
2592 , 10
2593 , 1
2594 , 10
2595 , 3
2596 , 10
2597 , 8
2598 , 5
2599 , 7
2600 , 3
2601 , 4
2602 , 2
2603 , 7
2604 , 7
2605 , 7
2606 , 7
2607 , 3
2608 , 6
2609 , 2
2610 , 6
2611 , 7
2612 , 1
2613 , 1
2614 , 10
2615 , 10
2616 , 10
2617 , 4
2618 , 5
2619 , 2
2620 , 6
2621 , 2
2622 , 9
2623 , 4
2624 , 5
2625 , 7
2626 , 2
2627 , 6
2628 , 2
2629 , 10
2630 , 9
2631 , 2
2632 , 10
2633 , 1
2634 , 1
2635 , 4
2636 , 2
2637 , 7
2638 , 5
2639 , 2
2640 , 6
2641 , 10
2642 , 3
2643 , 6
2644 , 9
2645 , 1
2646 , 4
2647 , 4
2648 , 6
2649 , 7
2650 , 8
2651 , 8
2652 , 3
2653 , 5
2654 , 8
2655 , 5
2656 , 10
2657 , 9
2658 , 9
2659 , 4
2660 , 6
2661 , 9
2662 , 5
2663 , 9
2664 , 2
2665 , 6
2666 , 3
2667 , 10
2668 , 10
2669 , 8
2670 , 10
2671 , 7
2672 , 5
2673 , 2
2674 , 2
2675 , 10
2676 , 9
2677 , 6
2678 , 2
2679 , 8
2680 , 5
2681 , 7
2682 , 4
2683 , 10
2684 , 4
2685 , 9
2686 , 10
2687 , 9
2688 , 2
2689 , 8
2690 , 3
2691 , 2
2692 , 1
2693 , 10
2694 , 10
2695 , 8
2696 , 10
2697 , 2
2698 , 3
2699 , 7
2700 , 4
2701 , 6
2702 , 5
2703 , 2
2704 , 1
2705 , 5
2706 , 6
2707 , 8
2708 , 1
2709 , 10
2710 , 9
2711 , 3
2712 , 10
2713 , 9
2714 , 4
2715 , 8
2716 , 1
2717 , 1
2718 , 3
2719 , 5
2720 , 6
2721 , 7
2722 , 1
2723 , 3
2724 , 7
2725 , 3
2726 , 6
2727 , 7
2728 , 4
2729 , 10
2730 , 4
2731 , 8
2732 , 10
2733 , 6
2734 , 7
2735 , 7
2736 , 5
2737 , 8
2738 , 9
2739 , 9
2740 , 6
2741 , 7
2742 , 8
2743 , 9
2744 , 10
2745 , 4
2746 , 9
2747 , 6
2748 , 3
2749 , 3
2750 , 9
2751 , 1
2752 , 10
2753 , 9
2754 , 3
2755 , 6
2756 , 4
2757 , 6
2758 , 5
2759 , 10
2760 , 10
2761 , 2
2762 , 5
2763 , 1
2764 , 9
2765 , 7
2766 , 3
2767 , 7
2768 , 1
2769 , 4
2770 , 10
2771 , 4
2772 , 5
2773 , 5
2774 , 8
2775 , 8
2776 , 6
2777 , 6
2778 , 8
2779 , 10
2780 , 9
2781 , 8
2782 , 6
2783 , 8
2784 , 3
2785 , 4
2786 , 6
2787 , 4
2788 , 8
2789 , 8
2790 , 1
2791 , 4
2792 , 6
2793 , 4
2794 , 8
2795 , 2
2796 , 9
2797 , 7
2798 , 2
2799 , 10
2800 , 1
2801 , 3
2802 , 10
2803 , 8
2804 , 10
2805 , 1
2806 , 6
2807 , 8
2808 , 5
2809 , 8
2810 , 1
2811 , 6
2812 , 8
2813 , 10
2814 , 4
2815 , 1
2816 , 9
2817 , 7
2818 , 6
2819 , 5
2820 , 5
2821 , 8
2822 , 4
2823 , 8
2824 , 7
2825 , 1
2826 , 10
2827 , 6
2828 , 4
2829 , 6
2830 , 7
2831 , 9
2832 , 1
2833 , 2
2834 , 7
2835 , 3
2836 , 1
2837 , 5
2838 , 7
2839 , 1
2840 , 8
2841 , 7
2842 , 1
2843 , 8
2844 , 7
2845 , 9
2846 , 5
2847 , 8
2848 , 6
2849 , 1
2850 , 9
2851 , 8
2852 , 4
2853 , 6
2854 , 3
2855 , 6
2856 , 7
2857 , 9
2858 , 4
2859 , 8
2860 , 7
2861 , 9
2862 , 4
2863 , 8
2864 , 7
2865 , 10
2866 , 10
2867 , 10
2868 , 1
2869 , 9
2870 , 4
2871 , 1
2872 , 10
2873 , 3
2874 , 4
2875 , 3
2876 , 5
2877 , 4
2878 , 6
2879 , 7
2880 , 5
2881 , 5
2882 , 6
2883 , 8
2884 , 8
2885 , 10
2886 , 8
2887 , 10
2888 , 9
2889 , 1
2890 , 8
2891 , 4
2892 , 5
2893 , 1
2894 , 8
2895 , 3
2896 , 6
2897 , 8
2898 , 7
2899 , 8
2900 , 1
2901 , 3
2902 , 6
2903 , 8
2904 , 10
2905 , 3
2906 , 8
2907 , 1
2908 , 2
2909 , 7
2910 , 3
2911 , 8
2912 , 4
2913 , 6
2914 , 6
2915 , 9
2916 , 3
2917 , 8
2918 , 2
2919 , 4
2920 , 6
2921 , 10
2922 , 3
2923 , 9
2924 , 6
2925 , 8
2926 , 1
2927 , 9
2928 , 3
2929 , 7
2930 , 10
2931 , 5
2932 , 2
2933 , 1
2934 , 4
2935 , 5
2936 , 6
2937 , 10
2938 , 1
2939 , 3
2940 , 6
2941 , 7
2942 , 9
2943 , 10
2944 , 7
2945 , 4
2946 , 5
2947 , 7
2948 , 3
2949 , 9
2950 , 6
2951 , 6
2952 , 6
2953 , 10
2954 , 7
2955 , 6
2956 , 5
2957 , 4
2958 , 2
2959 , 7
2960 , 9
2961 , 7
2962 , 4
2963 , 7
2964 , 5
2965 , 10
2966 , 10
2967 , 10
2968 , 10
2969 , 9
2970 , 5
2971 , 6
2972 , 1
2973 , 9
2974 , 6
2975 , 6
2976 , 8
2977 , 10
2978 , 8
2979 , 9
2980 , 6
2981 , 1
2982 , 3
2983 , 2
2984 , 9
2985 , 6
2986 , 8
2987 , 10
2988 , 6
2989 , 6
2990 , 5
2991 , 10
2992 , 9
2993 , 6
2994 , 9
2995 , 7
2996 , 10
2997 , 3
2998 , 8
2999 , 7
3000 , 10
3001 , 4
3002 , 9
3003 , 10
3004 , 5
3005 , 6
3006 , 1
3007 , 6
3008 , 3
3009 , 6
3010 , 9
3011 , 8
3012 , 7
3013 , 7
3014 , 2
3015 , 10
3016 , 9
3017 , 3
3018 , 6
3019 , 3
3020 , 10
3021 , 3
3022 , 2
3023 , 1
3024 , 4
3025 , 3
3026 , 1
3027 , 6
3028 , 9
3029 , 4
3030 , 8
3031 , 9
3032 , 5
3033 , 6
3034 , 2
3035 , 5
3036 , 4
3037 , 3
3038 , 5
3039 , 2
3040 , 4
3041 , 8
3042 , 3
3043 , 6
3044 , 2
3045 , 8
3046 , 8
3047 , 7
3048 , 1
3049 , 4
3050 , 4
3051 , 2
3052 , 2
3053 , 10
3054 , 2
3055 , 1
3056 , 6
3057 , 5
3058 , 1
3059 , 6
3060 , 1
3061 , 1
3062 , 8
3063 , 7
3064 , 9
3065 , 1
3066 , 9
3067 , 3
3068 , 3
3069 , 10
3070 , 5
3071 , 2
3072 , 6
3073 , 5
3074 , 6
3075 , 5
3076 , 6
3077 , 9
3078 , 5
3079 , 5
3080 , 2
3081 , 6
3082 , 6
3083 , 9
3084 , 1
3085 , 6
3086 , 3
3087 , 6
3088 , 7
3089 , 6
3090 , 5
3091 , 10
3092 , 9
3093 , 6
3094 , 5
3095 , 9
3096 , 6
3097 , 5
3098 , 2
3099 , 6
3100 , 2
3101 , 8
3102 , 3
3103 , 10
3104 , 10
3105 , 6
3106 , 3
3107 , 10
3108 , 9
3109 , 10
3110 , 1
3111 , 9
3112 , 9
3113 , 3
3114 , 1
3115 , 6
3116 , 6
3117 , 4
3118 , 2
3119 , 5
3120 , 9
3121 , 10
3122 , 4
3123 , 5
3124 , 6
3125 , 4
3126 , 3
3127 , 10
3128 , 1
3129 , 7
3130 , 4
3131 , 1
3132 , 3
3133 , 3
3134 , 3
3135 , 1
3136 , 9
3137 , 10
3138 , 7
3139 , 9
3140 , 3
3141 , 6
3142 , 7
3143 , 5
3144 , 7
3145 , 9
3146 , 7
3147 , 9
3148 , 8
3149 , 6
3150 , 8
3151 , 9
3152 , 1
3153 , 10
3154 , 8
3155 , 1
3156 , 6
3157 , 3
3158 , 9
3159 , 10
3160 , 1
3161 , 5
3162 , 2
3163 , 8
3164 , 3
3165 , 1
3166 , 1
3167 , 4
3168 , 8
3169 , 10
3170 , 2
3171 , 1
3172 , 4
3173 , 2
3174 , 5
3175 , 2
3176 , 7
3177 , 8
3178 , 2
3179 , 4
3180 , 5
3181 , 4
3182 , 8
3183 , 10
3184 , 7
3185 , 10
3186 , 5
3187 , 3
3188 , 3
3189 , 8
3190 , 8
3191 , 6
3192 , 7
3193 , 8
3194 , 7
3195 , 3
3196 , 6
3197 , 10
3198 , 9
3199 , 3
3200 , 1
3201 , 10
3202 , 7
3203 , 4
3204 , 8
3205 , 6
3206 , 2
3207 , 6
3208 , 5
3209 , 6
3210 , 10
3211 , 9
3212 , 3
3213 , 8
3214 , 9
3215 , 7
3216 , 8
3217 , 5
3218 , 2
3219 , 7
3220 , 3
3221 , 6
3222 , 3
3223 , 4
3224 , 2
3225 , 7
3226 , 3
3227 , 8
3228 , 9
3229 , 1
3230 , 3
3231 , 8
3232 , 10
3233 , 5
3234 , 6
3235 , 2
3236 , 7
3237 , 9
3238 , 5
3239 , 6
3240 , 7
3241 , 2
3242 , 10
3243 , 2
3244 , 6
3245 , 4
3246 , 9
3247 , 1
3248 , 8
3249 , 4
3250 , 10
3251 , 10
3252 , 6
3253 , 6
3254 , 1
3255 , 9
3256 , 6
3257 , 9
3258 , 10
3259 , 4
3260 , 10
3261 , 3
3262 , 8
3263 , 3
3264 , 3
3265 , 1
3266 , 3
3267 , 9
3268 , 7
3269 , 3
3270 , 8
3271 , 8
3272 , 10
3273 , 5
3274 , 6
3275 , 1
3276 , 4
3277 , 6
3278 , 6
3279 , 10
3280 , 1
3281 , 10
3282 , 5
3283 , 6
3284 , 9
3285 , 6
3286 , 1
3287 , 10
3288 , 5
3289 , 8
3290 , 9
3291 , 1
3292 , 4
3293 , 7
3294 , 5
3295 , 4
3296 , 1
3297 , 3
3298 , 6
3299 , 6
3300 , 9
3301 , 2
3302 , 3
3303 , 8
3304 , 9
3305 , 3
3306 , 10
3307 , 1
3308 , 4
3309 , 1
3310 , 10
3311 , 10
3312 , 9
3313 , 3
3314 , 2
3315 , 6
3316 , 9
3317 , 3
3318 , 9
3319 , 10
3320 , 8
3321 , 5
3322 , 9
3323 , 9
3324 , 1
3325 , 8
3326 , 5
3327 , 4
3328 , 4
3329 , 6
3330 , 4
3331 , 3
3332 , 3
3333 , 9
3334 , 4
3335 , 6
3336 , 6
3337 , 2
3338 , 3
3339 , 4
3340 , 6
3341 , 4
3342 , 8
3343 , 6
3344 , 7
3345 , 10
3346 , 6
3347 , 10
3348 , 1
3349 , 5
3350 , 3
3351 , 9
3352 , 4
3353 , 6
3354 , 4
3355 , 4
3356 , 5
3357 , 7
3358 , 2
3359 , 6
3360 , 4
3361 , 3
3362 , 1
3363 , 3
3364 , 3
3365 , 10
3366 , 5
3367 , 6
3368 , 8
3369 , 7
3370 , 10
3371 , 2
3372 , 2
3373 , 4
3374 , 6
3375 , 8
3376 , 6
3377 , 2
3378 , 4
3379 , 2
3380 , 8
3381 , 8
3382 , 10
3383 , 7
3384 , 4
3385 , 10
3386 , 7
3387 , 10
3388 , 1
3389 , 2
3390 , 5
3391 , 7
3392 , 9
3393 , 6
3394 , 9
3395 , 4
3396 , 9
3397 , 1
3398 , 1
3399 , 3
3400 , 8
3401 , 4
3402 , 10
3403 , 3
3404 , 3
3405 , 8
3406 , 10
3407 , 6
3408 , 10
3409 , 3
3410 , 10
3411 , 7
3412 , 8
3413 , 9
3414 , 2
3415 , 6
3416 , 9
3417 , 1
3418 , 5
3419 , 7
3420 , 1
3421 , 8
3422 , 10
3423 , 3
3424 , 6
3425 , 9
3426 , 3
3427 , 3
3428 , 4
3429 , 9
3430 , 1
3431 , 3
3432 , 6
3433 , 8
3434 , 1
3435 , 6
3436 , 6
3437 , 4
3438 , 1
3439 , 8
3440 , 10
3441 , 9
3442 , 7
3443 , 2
3444 , 9
3445 , 5
3446 , 9
3447 , 8
3448 , 9
3449 , 7
3450 , 1
3451 , 3
3452 , 9
3453 , 2
3454 , 10
3455 , 3
3456 , 1
3457 , 8
3458 , 6
3459 , 5
3460 , 8
3461 , 5
3462 , 1
3463 , 2
3464 , 6
3465 , 6
3466 , 9
3467 , 2
3468 , 8
3469 , 6
3470 , 1
3471 , 1
3472 , 10
3473 , 5
3474 , 10
3475 , 7
3476 , 4
3477 , 7
3478 , 9
3479 , 9
3480 , 9
3481 , 2
3482 , 5
3483 , 6
3484 , 10
3485 , 5
3486 , 3
3487 , 9
3488 , 1
3489 , 1
3490 , 10
3491 , 8
3492 , 2
3493 , 1
3494 , 3
3495 , 7
3496 , 5
3497 , 9
3498 , 6
3499 , 7
3500 , 5
3501 , 1
3502 , 7
3503 , 1
3504 , 6
3505 , 4
3506 , 7
3507 , 8
3508 , 10
3509 , 8
3510 , 1
3511 , 9
3512 , 9
3513 , 5
3514 , 7
3515 , 6
3516 , 7
3517 , 6
3518 , 10
3519 , 2
3520 , 10
3521 , 7
3522 , 3
3523 , 3
3524 , 3
3525 , 6
3526 , 9
3527 , 1
3528 , 6
3529 , 7
3530 , 6
3531 , 2
3532 , 3
3533 , 10
3534 , 9
3535 , 3
3536 , 3
3537 , 1
3538 , 2
3539 , 2
3540 , 2
3541 , 1
3542 , 8
3543 , 8
3544 , 8
3545 , 1
3546 , 2
3547 , 4
3548 , 6
3549 , 2
3550 , 7
3551 , 2
3552 , 9
3553 , 1
3554 , 4
3555 , 10
3556 , 10
3557 , 1
3558 , 1
3559 , 1
3560 , 6
3561 , 6
3562 , 8
3563 , 6
3564 , 4
3565 , 8
3566 , 3
3567 , 9
3568 , 2
3569 , 6
3570 , 5
3571 , 3
3572 , 6
3573 , 3
3574 , 7
3575 , 2
3576 , 6
3577 , 8
3578 , 10
3579 , 2
3580 , 5
3581 , 4
3582 , 8
3583 , 3
3584 , 1
3585 , 5
3586 , 8
3587 , 5
3588 , 7
3589 , 4
3590 , 10
3591 , 8
3592 , 3
3593 , 7
3594 , 5
3595 , 1
3596 , 10
3597 , 1
3598 , 3
3599 , 5
3600 , 10
3601 , 3
3602 , 4
3603 , 3
3604 , 9
3605 , 2
3606 , 7
3607 , 4
3608 , 4
3609 , 9
3610 , 6
3611 , 7
3612 , 10
3613 , 10
3614 , 1
3615 , 6
3616 , 6
3617 , 7
3618 , 7
3619 , 5
3620 , 7
3621 , 9
3622 , 9
3623 , 10
3624 , 9
3625 , 6
3626 , 2
3627 , 4
3628 , 5
3629 , 6
3630 , 5
3631 , 6
3632 , 9
3633 , 1
3634 , 5
3635 , 1
3636 , 3
3637 , 7
3638 , 9
3639 , 7
3640 , 2
3641 , 8
3642 , 3
3643 , 9
3644 , 8
3645 , 9
3646 , 9
3647 , 7
3648 , 3
3649 , 6
3650 , 7
3651 , 9
3652 , 6
3653 , 4
3654 , 8
3655 , 10
3656 , 7
3657 , 5
3658 , 6
3659 , 4
3660 , 8
3661 , 6
3662 , 4
3663 , 2
3664 , 10
3665 , 4
3666 , 8
3667 , 10
3668 , 4
3669 , 1
3670 , 10
3671 , 3
3672 , 1
3673 , 9
3674 , 8
3675 , 9
3676 , 2
3677 , 3
3678 , 5
3679 , 7
3680 , 7
3681 , 8
3682 , 4
3683 , 6
3684 , 5
3685 , 9
3686 , 7
3687 , 7
3688 , 10
3689 , 5
3690 , 3
3691 , 6
3692 , 9
3693 , 2
3694 , 5
3695 , 7
3696 , 5
3697 , 7
3698 , 9
3699 , 2
3700 , 10
3701 , 4
3702 , 1
3703 , 8
3704 , 9
3705 , 3
3706 , 4
3707 , 6
3708 , 6
3709 , 7
3710 , 9
3711 , 4
3712 , 2
3713 , 6
3714 , 7
3715 , 2
3716 , 1
3717 , 10
3718 , 8
3719 , 4
3720 , 3
3721 , 7
3722 , 4
3723 , 5
3724 , 9
3725 , 5
3726 , 9
3727 , 9
3728 , 5
3729 , 9
3730 , 9
3731 , 8
3732 , 8
3733 , 3
3734 , 3
3735 , 1
3736 , 3
3737 , 9
3738 , 1
3739 , 7
3740 , 7
3741 , 1
3742 , 4
3743 , 1
3744 , 6
3745 , 6
3746 , 5
3747 , 7
3748 , 5
3749 , 4
3750 , 3
3751 , 3
3752 , 10
3753 , 9
3754 , 4
3755 , 5
3756 , 3
3757 , 8
3758 , 7
3759 , 2
3760 , 1
3761 , 1
3762 , 3
3763 , 3
3764 , 5
3765 , 3
3766 , 8
3767 , 8
3768 , 7
3769 , 1
3770 , 6
3771 , 1
3772 , 5
3773 , 2
3774 , 7
3775 , 7
3776 , 7
3777 , 8
3778 , 7
3779 , 6
3780 , 8
3781 , 6
3782 , 8
3783 , 10
3784 , 1
3785 , 4
3786 , 4
3787 , 9
3788 , 6
3789 , 4
3790 , 10
3791 , 5
3792 , 9
3793 , 7
3794 , 3
3795 , 5
3796 , 5
3797 , 9
3798 , 4
3799 , 2
3800 , 9
3801 , 4
3802 , 2
3803 , 7
3804 , 5
3805 , 2
3806 , 3
3807 , 3
3808 , 1
3809 , 6
3810 , 8
3811 , 7
3812 , 4
3813 , 4
3814 , 3
3815 , 8
3816 , 10
3817 , 9
3818 , 3
3819 , 9
3820 , 7
3821 , 3
3822 , 5
3823 , 10
3824 , 8
3825 , 8
3826 , 6
3827 , 8
3828 , 10
3829 , 7
3830 , 10
3831 , 10
3832 , 5
3833 , 1
3834 , 7
3835 , 2
3836 , 1
3837 , 10
3838 , 6
3839 , 6
3840 , 8
3841 , 7
3842 , 1
3843 , 4
3844 , 5
3845 , 7
3846 , 4
3847 , 4
3848 , 10
3849 , 7
3850 , 1
3851 , 6
3852 , 6
3853 , 6
3854 , 2
3855 , 4
3856 , 10
3857 , 3
3858 , 6
3859 , 4
3860 , 3
3861 , 9
3862 , 9
3863 , 6
3864 , 8
3865 , 10
3866 , 1
3867 , 2
3868 , 8
3869 , 8
3870 , 1
3871 , 1
3872 , 10
3873 , 2
3874 , 2
3875 , 2
3876 , 3
3877 , 1
3878 , 8
3879 , 9
3880 , 10
3881 , 4
3882 , 4
3883 , 8
3884 , 9
3885 , 8
3886 , 2
3887 , 9
3888 , 3
3889 , 3
3890 , 1
3891 , 5
3892 , 5
3893 , 6
3894 , 10
3895 , 9
3896 , 7
3897 , 9
3898 , 6
3899 , 5
3900 , 8
3901 , 9
3902 , 5
3903 , 10
3904 , 10
3905 , 6
3906 , 9
3907 , 8
3908 , 7
3909 , 5
3910 , 6
3911 , 7
3912 , 5
3913 , 4
3914 , 1
3915 , 6
3916 , 3
3917 , 3
3918 , 10
3919 , 2
3920 , 1
3921 , 10
3922 , 9
3923 , 9
3924 , 1
3925 , 1
3926 , 3
3927 , 10
3928 , 3
3929 , 5
3930 , 6
3931 , 2
3932 , 1
3933 , 5
3934 , 6
3935 , 10
3936 , 6
3937 , 6
3938 , 2
3939 , 6
3940 , 10
3941 , 1
3942 , 9
3943 , 10
3944 , 9
3945 , 1
3946 , 5
3947 , 2
3948 , 10
3949 , 9
3950 , 9
3951 , 6
3952 , 9
3953 , 8
3954 , 10
3955 , 10
3956 , 9
3957 , 8
3958 , 6
3959 , 7
3960 , 8
3961 , 4
3962 , 5
3963 , 2
3964 , 7
3965 , 5
3966 , 1
3967 , 10
3968 , 6
3969 , 3
3970 , 8
3971 , 1
3972 , 10
3973 , 1
3974 , 5
3975 , 1
3976 , 4
3977 , 9
3978 , 2
3979 , 10
3980 , 8
3981 , 10
3982 , 1
3983 , 8
3984 , 3
3985 , 10
3986 , 10
3987 , 9
3988 , 1
3989 , 7
3990 , 7
3991 , 10
3992 , 10
3993 , 6
3994 , 10
3995 , 5
3996 , 2
3997 , 10
3998 , 9
3999 , 10
4000 , 10
4001 , 9
4002 , 8
4003 , 5
4004 , 8
4005 , 5
4006 , 3
4007 , 5
4008 , 2
4009 , 5
4010 , 5
4011 , 8
4012 , 6
4013 , 1
4014 , 10
4015 , 8
4016 , 1
4017 , 3
4018 , 9
4019 , 10
4020 , 2
4021 , 3
4022 , 5
4023 , 10
4024 , 8
4025 , 5
4026 , 9
4027 , 5
4028 , 7
4029 , 10
4030 , 9
4031 , 6
4032 , 9
4033 , 2
4034 , 5
4035 , 8
4036 , 6
4037 , 5
4038 , 4
4039 , 10
4040 , 4
4041 , 6
4042 , 3
4043 , 6
4044 , 9
4045 , 10
4046 , 1
4047 , 8
4048 , 7
4049 , 8
4050 , 10
4051 , 1
4052 , 6
4053 , 9
4054 , 5
4055 , 2
4056 , 7
4057 , 7
4058 , 8
4059 , 9
4060 , 8
4061 , 10
4062 , 9
4063 , 6
4064 , 5
4065 , 9
4066 , 10
4067 , 2
4068 , 9
4069 , 7
4070 , 5
4071 , 9
4072 , 1
4073 , 9
4074 , 6
4075 , 5
4076 , 4
4077 , 9
4078 , 10
4079 , 2
4080 , 10
4081 , 8
4082 , 8
4083 , 9
4084 , 4
4085 , 2
4086 , 5
4087 , 6
4088 , 8
4089 , 4
4090 , 4
4091 , 6
4092 , 6
4093 , 8
4094 , 7
4095 , 1
4096 , 10
4097 , 8
4098 , 3
4099 , 3
4100 , 10
4101 , 9
4102 , 8
4103 , 10
4104 , 8
4105 , 3
4106 , 7
4107 , 6
4108 , 2
4109 , 8
4110 , 3
4111 , 2
4112 , 2
4113 , 5
4114 , 6
4115 , 5
4116 , 1
4117 , 4
4118 , 5
4119 , 5
4120 , 9
4121 , 10
4122 , 4
4123 , 1
4124 , 9
4125 , 6
4126 , 7
4127 , 8
4128 , 3
4129 , 9
4130 , 9
4131 , 1
4132 , 8
4133 , 2
4134 , 8
4135 , 3
4136 , 5
4137 , 1
4138 , 10
4139 , 8
4140 , 4
4141 , 6
4142 , 10
4143 , 6
4144 , 5
4145 , 10
4146 , 10
4147 , 1
4148 , 3
4149 , 6
4150 , 7
4151 , 3
4152 , 1
4153 , 10
4154 , 7
4155 , 1
4156 , 5
4157 , 1
4158 , 7
4159 , 10
4160 , 9
4161 , 2
4162 , 7
4163 , 8
4164 , 2
4165 , 9
4166 , 1
4167 , 2
4168 , 1
4169 , 9
4170 , 1
4171 , 9
4172 , 1
4173 , 8
4174 , 6
4175 , 4
4176 , 7
4177 , 8
4178 , 9
4179 , 3
4180 , 8
4181 , 6
4182 , 1
4183 , 7
4184 , 3
4185 , 4
4186 , 7
4187 , 1
4188 , 5
4189 , 7
4190 , 6
4191 , 4
4192 , 9
4193 , 10
4194 , 8
4195 , 3
4196 , 4
4197 , 10
4198 , 3
4199 , 4
4200 , 4
4201 , 4
4202 , 3
4203 , 9
4204 , 9
4205 , 1
4206 , 4
4207 , 1
4208 , 2
4209 , 9
4210 , 8
4211 , 8
4212 , 1
4213 , 2
4214 , 5
4215 , 3
4216 , 8
4217 , 6
4218 , 3
4219 , 10
4220 , 7
4221 , 7
4222 , 4
4223 , 6
4224 , 7
4225 , 7
4226 , 10
4227 , 6
4228 , 10
4229 , 1
4230 , 4
4231 , 9
4232 , 6
4233 , 10
4234 , 2
4235 , 6
4236 , 9
4237 , 8
4238 , 9
4239 , 4
4240 , 10
4241 , 10
4242 , 6
4243 , 9
4244 , 7
4245 , 7
4246 , 5
4247 , 1
4248 , 1
4249 , 6
4250 , 7
4251 , 8
4252 , 6
4253 , 10
4254 , 7
4255 , 7
4256 , 1
4257 , 9
4258 , 1
4259 , 1
4260 , 4
4261 , 6
4262 , 6
4263 , 6
4264 , 8
4265 , 6
4266 , 6
4267 , 3
4268 , 6
4269 , 5
4270 , 10
4271 , 1
4272 , 8
4273 , 1
4274 , 5
4275 , 7
4276 , 4
4277 , 7
4278 , 4
4279 , 4
4280 , 10
4281 , 8
4282 , 3
4283 , 6
4284 , 5
4285 , 9
4286 , 9
4287 , 5
4288 , 6
4289 , 8
4290 , 8
4291 , 6
4292 , 6
4293 , 10
4294 , 3
4295 , 2
4296 , 7
4297 , 7
4298 , 10
4299 , 2
4300 , 1
4301 , 3
4302 , 9
4303 , 7
4304 , 1
4305 , 3
4306 , 3
4307 , 1
4308 , 9
4309 , 4
4310 , 2
4311 , 3
4312 , 9
4313 , 9
4314 , 6
4315 , 10
4316 , 7
4317 , 3
4318 , 3
4319 , 4
4320 , 1
4321 , 10
4322 , 1
4323 , 6
4324 , 8
4325 , 9
4326 , 9
4327 , 9
4328 , 10
4329 , 6
4330 , 5
4331 , 5
4332 , 8
4333 , 7
4334 , 7
4335 , 3
4336 , 4
4337 , 9
4338 , 7
4339 , 6
4340 , 3
4341 , 1
4342 , 7
4343 , 2
4344 , 9
4345 , 7
4346 , 8
4347 , 4
4348 , 7
4349 , 2
4350 , 5
4351 , 2
4352 , 10
4353 , 4
4354 , 6
4355 , 10
4356 , 10
4357 , 10
4358 , 9
4359 , 5
4360 , 3
4361 , 2
4362 , 4
4363 , 10
4364 , 3
4365 , 3
4366 , 3
4367 , 3
4368 , 9
4369 , 5
4370 , 7
4371 , 5
4372 , 6
4373 , 6
4374 , 8
4375 , 9
4376 , 1
4377 , 4
4378 , 1
4379 , 8
4380 , 9
4381 , 9
4382 , 8
4383 , 9
4384 , 8
4385 , 5
4386 , 1
4387 , 4
4388 , 2
4389 , 2
4390 , 10
4391 , 6
4392 , 9
4393 , 8
4394 , 6
4395 , 1
4396 , 1
4397 , 1
4398 , 7
4399 , 10
4400 , 1
4401 , 4
4402 , 5
4403 , 6
4404 , 8
4405 , 7
4406 , 4
4407 , 10
4408 , 6
4409 , 3
4410 , 10
4411 , 2
4412 , 7
4413 , 6
4414 , 1
4415 , 7
4416 , 5
4417 , 7
4418 , 8
4419 , 3
4420 , 10
4421 , 7
4422 , 7
4423 , 8
4424 , 6
4425 , 5
4426 , 9
4427 , 7
4428 , 1
4429 , 10
4430 , 10
4431 , 7
4432 , 7
4433 , 7
4434 , 6
4435 , 9
4436 , 6
4437 , 1
4438 , 3
4439 , 4
4440 , 3
4441 , 3
4442 , 8
4443 , 10
4444 , 3
4445 , 2
4446 , 10
4447 , 3
4448 , 4
4449 , 6
4450 , 10
4451 , 8
4452 , 7
4453 , 4
4454 , 1
4455 , 5
4456 , 10
4457 , 1
4458 , 8
4459 , 9
4460 , 1
4461 , 6
4462 , 9
4463 , 6
4464 , 4
4465 , 2
4466 , 3
4467 , 5
4468 , 8
4469 , 8
4470 , 7
4471 , 4
4472 , 1
4473 , 1
4474 , 4
4475 , 7
4476 , 8
4477 , 7
4478 , 5
4479 , 5
4480 , 10
4481 , 3
4482 , 10
4483 , 6
4484 , 9
4485 , 1
4486 , 6
4487 , 1
4488 , 10
4489 , 1
4490 , 6
4491 , 1
4492 , 1
4493 , 10
4494 , 10
4495 , 8
4496 , 1
4497 , 9
4498 , 5
4499 , 7
4500 , 9
4501 , 7
4502 , 1
4503 , 1
4504 , 2
4505 , 6
4506 , 7
4507 , 7
4508 , 10
4509 , 4
4510 , 3
4511 , 6
4512 , 9
4513 , 5
4514 , 5
4515 , 5
4516 , 8
4517 , 6
4518 , 7
4519 , 6
4520 , 8
4521 , 8
4522 , 3
4523 , 2
4524 , 8
4525 , 9
4526 , 6
4527 , 7
4528 , 8
4529 , 9
4530 , 10
4531 , 1
4532 , 8
4533 , 6
4534 , 1
4535 , 7
4536 , 1
4537 , 8
4538 , 2
4539 , 3
4540 , 1
4541 , 5
4542 , 5
4543 , 7
4544 , 2
4545 , 6
4546 , 3
4547 , 4
4548 , 4
4549 , 3
4550 , 4
4551 , 1
4552 , 4
4553 , 9
4554 , 6
4555 , 4
4556 , 3
4557 , 1
4558 , 2
4559 , 4
4560 , 6
4561 , 8
4562 , 1
4563 , 2
4564 , 4
4565 , 7
4566 , 8
4567 , 7
4568 , 2
4569 , 5
4570 , 7
4571 , 8
4572 , 8
4573 , 8
4574 , 6
4575 , 5
4576 , 9
4577 , 2
4578 , 1
4579 , 10
4580 , 8
4581 , 2
4582 , 9
4583 , 2
4584 , 3
4585 , 7
4586 , 4
4587 , 5
4588 , 3
4589 , 1
4590 , 10
4591 , 6
4592 , 8
4593 , 9
4594 , 7
4595 , 6
4596 , 3
4597 , 8
4598 , 7
4599 , 10
4600 , 1
4601 , 2
4602 , 10
4603 , 10
4604 , 9
4605 , 7
4606 , 3
4607 , 3
4608 , 10
4609 , 4
4610 , 8
4611 , 4
4612 , 6
4613 , 10
4614 , 7
4615 , 1
4616 , 1
4617 , 4
4618 , 1
4619 , 2
4620 , 8
4621 , 7
4622 , 10
4623 , 9
4624 , 3
4625 , 1
4626 , 10
4627 , 6
4628 , 3
4629 , 6
4630 , 5
4631 , 4
4632 , 1
4633 , 9
4634 , 1
4635 , 3
4636 , 6
4637 , 4
4638 , 5
4639 , 10
4640 , 5
4641 , 7
4642 , 7
4643 , 5
4644 , 10
4645 , 4
4646 , 8
4647 , 8
4648 , 10
4649 , 7
4650 , 9
4651 , 7
4652 , 5
4653 , 7
4654 , 7
4655 , 4
4656 , 9
4657 , 5
4658 , 5
4659 , 10
4660 , 10
4661 , 1
4662 , 8
4663 , 9
4664 , 8
4665 , 9
4666 , 9
4667 , 9
4668 , 9
4669 , 1
4670 , 2
4671 , 7
4672 , 5
4673 , 8
4674 , 2
4675 , 7
4676 , 1
4677 , 9
4678 , 1
4679 , 5
4680 , 7
4681 , 8
4682 , 2
4683 , 3
4684 , 8
4685 , 7
4686 , 7
4687 , 3
4688 , 7
4689 , 7
4690 , 6
4691 , 9
4692 , 7
4693 , 7
4694 , 5
4695 , 9
4696 , 9
4697 , 1
4698 , 10
4699 , 8
4700 , 9
4701 , 3
4702 , 3
4703 , 8
4704 , 4
4705 , 6
4706 , 7
4707 , 4
4708 , 3
4709 , 5
4710 , 2
4711 , 6
4712 , 5
4713 , 3
4714 , 3
4715 , 3
4716 , 8
4717 , 7
4718 , 1
4719 , 5
4720 , 6
4721 , 1
4722 , 8
4723 , 9
4724 , 10
4725 , 6
4726 , 10
4727 , 4
4728 , 5
4729 , 9
4730 , 4
4731 , 4
4732 , 7
4733 , 7
4734 , 1
4735 , 7
4736 , 10
4737 , 10
4738 , 2
4739 , 10
4740 , 8
4741 , 8
4742 , 10
4743 , 1
4744 , 4
4745 , 5
4746 , 7
4747 , 7
4748 , 6
4749 , 8
4750 , 10
4751 , 6
4752 , 9
4753 , 5
4754 , 10
4755 , 7
4756 , 9
4757 , 9
4758 , 10
4759 , 8
4760 , 9
4761 , 1
4762 , 1
4763 , 1
4764 , 9
4765 , 1
4766 , 7
4767 , 3
4768 , 2
4769 , 10
4770 , 9
4771 , 6
4772 , 10
4773 , 7
4774 , 8
4775 , 6
4776 , 9
4777 , 7
4778 , 6
4779 , 2
4780 , 10
4781 , 10
4782 , 1
4783 , 5
4784 , 5
4785 , 3
4786 , 3
4787 , 1
4788 , 6
4789 , 7
4790 , 8
4791 , 7
4792 , 8
4793 , 8
4794 , 2
4795 , 3
4796 , 6
4797 , 7
4798 , 9
4799 , 8
4800 , 10
4801 , 8
4802 , 10
4803 , 6
4804 , 2
4805 , 8
4806 , 7
4807 , 4
4808 , 4
4809 , 6
4810 , 6
4811 , 6
4812 , 6
4813 , 5
4814 , 2
4815 , 1
4816 , 3
4817 , 6
4818 , 7
4819 , 4
4820 , 1
4821 , 1
4822 , 4
4823 , 8
4824 , 9
4825 , 1
4826 , 5
4827 , 7
4828 , 7
4829 , 2
4830 , 9
4831 , 6
4832 , 7
4833 , 6
4834 , 5
4835 , 8
4836 , 6
4837 , 2
4838 , 4
4839 , 5
4840 , 8
4841 , 3
4842 , 4
4843 , 9
4844 , 5
4845 , 9
4846 , 6
4847 , 7
4848 , 6
4849 , 1
4850 , 6
4851 , 6
4852 , 1
4853 , 3
4854 , 5
4855 , 10
4856 , 6
4857 , 4
4858 , 8
4859 , 6
4860 , 8
4861 , 6
4862 , 10
4863 , 6
4864 , 7
4865 , 8
4866 , 9
4867 , 6
4868 , 9
4869 , 3
4870 , 7
4871 , 6
4872 , 1
4873 , 7
4874 , 6
4875 , 5
4876 , 7
4877 , 9
4878 , 3
4879 , 4
4880 , 1
4881 , 6
4882 , 8
4883 , 4
4884 , 2
4885 , 1
4886 , 8
4887 , 10
4888 , 6
4889 , 6
4890 , 3
4891 , 1
4892 , 7
4893 , 10
4894 , 1
4895 , 6
4896 , 7
4897 , 2
4898 , 4
4899 , 1
4900 , 4
4901 , 10
4902 , 8
4903 , 9
4904 , 6
4905 , 3
4906 , 6
4907 , 2
4908 , 10
4909 , 4
4910 , 2
4911 , 6
4912 , 2
4913 , 2
4914 , 3
4915 , 6
4916 , 8
4917 , 1
4918 , 5
4919 , 8
4920 , 4
4921 , 7
4922 , 3
4923 , 10
4924 , 6
4925 , 8
4926 , 10
4927 , 5
4928 , 9
4929 , 7
4930 , 5
4931 , 10
4932 , 10
4933 , 4
4934 , 6
4935 , 6
4936 , 5
4937 , 3
4938 , 9
4939 , 3
4940 , 9
4941 , 7
4942 , 5
4943 , 1
4944 , 1
4945 , 1
4946 , 6
4947 , 2
4948 , 2
4949 , 5
4950 , 5
4951 , 5
4952 , 8
4953 , 4
4954 , 6
4955 , 4
4956 , 2
4957 , 7
4958 , 1
4959 , 3
4960 , 8
4961 , 3
4962 , 2
4963 , 2
4964 , 6
4965 , 9
4966 , 10
4967 , 2
4968 , 4
4969 , 7
4970 , 1
4971 , 5
4972 , 10
4973 , 4
4974 , 10
4975 , 3
4976 , 4
4977 , 6
4978 , 6
4979 , 9
4980 , 9
4981 , 10
4982 , 1
4983 , 1
4984 , 1
4985 , 8
4986 , 5
4987 , 6
4988 , 2
4989 , 2
4990 , 4
4991 , 3
4992 , 1
4993 , 3
4994 , 1
4995 , 9
4996 , 7
4997 , 6
4998 , 4
4999 , 1
5000 , 6
5001 , 9
5002 , 1
5003 , 3
5004 , 6
5005 , 3
5006 , 6
5007 , 8
5008 , 1
5009 , 7
5010 , 8
5011 , 1
5012 , 3
5013 , 4
5014 , 5
5015 , 4
5016 , 1
5017 , 5
5018 , 7
5019 , 6
5020 , 5
5021 , 2
5022 , 9
5023 , 1
5024 , 1
5025 , 10
5026 , 5
5027 , 6
5028 , 10
5029 , 3
5030 , 10
5031 , 3
5032 , 6
5033 , 10
5034 , 4
5035 , 10
5036 , 10
5037 , 4
5038 , 4
5039 , 9
5040 , 5
5041 , 9
5042 , 10
5043 , 6
5044 , 3
5045 , 1
5046 , 8
5047 , 6
5048 , 10
5049 , 1
5050 , 2
5051 , 5
5052 , 8
5053 , 9
5054 , 9
5055 , 10
5056 , 2
5057 , 6
5058 , 9
5059 , 8
5060 , 9
5061 , 5
5062 , 1
5063 , 5
5064 , 9
5065 , 7
5066 , 3
5067 , 1
5068 , 6
5069 , 1
5070 , 10
5071 , 4
5072 , 6
5073 , 7
5074 , 9
5075 , 4
5076 , 2
5077 , 10
5078 , 7
5079 , 9
5080 , 4
5081 , 3
5082 , 7
5083 , 6
5084 , 9
5085 , 6
5086 , 1
5087 , 4
5088 , 5
5089 , 8
5090 , 5
5091 , 6
5092 , 8
5093 , 2
5094 , 4
5095 , 6
5096 , 5
5097 , 5
5098 , 9
5099 , 6
5100 , 3
5101 , 2
5102 , 6
5103 , 7
5104 , 8
5105 , 4
5106 , 4
5107 , 9
5108 , 5
5109 , 9
5110 , 1
5111 , 9
5112 , 7
5113 , 6
5114 , 10
5115 , 4
5116 , 7
5117 , 3
5118 , 1
5119 , 5
5120 , 10
5121 , 5
5122 , 7
5123 , 2
5124 , 8
5125 , 4
5126 , 7
5127 , 8
5128 , 10
5129 , 8
5130 , 10
5131 , 4
5132 , 4
5133 , 10
5134 , 9
5135 , 9
5136 , 4
5137 , 5
5138 , 9
5139 , 9
5140 , 6
5141 , 4
5142 , 2
5143 , 10
5144 , 4
5145 , 5
5146 , 5
5147 , 9
5148 , 4
5149 , 8
5150 , 6
5151 , 3
5152 , 2
5153 , 7
5154 , 1
5155 , 1
5156 , 6
5157 , 8
5158 , 6
5159 , 1
5160 , 1
5161 , 5
5162 , 1
5163 , 10
5164 , 5
5165 , 9
5166 , 2
5167 , 4
5168 , 4
5169 , 10
5170 , 5
5171 , 6
5172 , 9
5173 , 2
5174 , 3
5175 , 8
5176 , 5
5177 , 1
5178 , 9
5179 , 1
5180 , 6
5181 , 8
5182 , 8
5183 , 10
5184 , 10
5185 , 7
5186 , 6
5187 , 8
5188 , 10
5189 , 5
5190 , 5
5191 , 9
5192 , 9
5193 , 8
5194 , 10
5195 , 6
5196 , 2
5197 , 8
5198 , 10
5199 , 9
5200 , 1
5201 , 8
5202 , 6
5203 , 10
5204 , 3
5205 , 4
5206 , 4
5207 , 5
5208 , 2
5209 , 10
5210 , 7
5211 , 9
5212 , 10
5213 , 6
5214 , 5
5215 , 8
5216 , 3
5217 , 9
5218 , 4
5219 , 3
5220 , 10
5221 , 4
5222 , 4
5223 , 10
5224 , 9
5225 , 3
5226 , 3
5227 , 8
5228 , 5
5229 , 4
5230 , 5
5231 , 5
5232 , 6
5233 , 5
5234 , 3
5235 , 6
5236 , 2
5237 , 9
5238 , 3
5239 , 7
5240 , 3
5241 , 2
5242 , 2
5243 , 10
5244 , 5
5245 , 6
5246 , 3
5247 , 4
5248 , 2
5249 , 7
5250 , 9
5251 , 8
5252 , 3
5253 , 3
5254 , 6
5255 , 7
5256 , 1
5257 , 2
5258 , 5
5259 , 6
5260 , 5
5261 , 5
5262 , 10
5263 , 8
5264 , 6
5265 , 10
5266 , 2
5267 , 6
5268 , 7
5269 , 6
5270 , 5
5271 , 4
5272 , 7
5273 , 9
5274 , 4
5275 , 10
5276 , 10
5277 , 2
5278 , 6
5279 , 8
5280 , 3
5281 , 9
5282 , 4
5283 , 8
5284 , 1
5285 , 7
5286 , 7
5287 , 3
5288 , 6
5289 , 6
5290 , 8
5291 , 1
5292 , 7
5293 , 1
5294 , 10
5295 , 8
5296 , 10
5297 , 10
5298 , 6
5299 , 8
5300 , 6
5301 , 6
5302 , 10
5303 , 9
5304 , 6
5305 , 5
5306 , 4
5307 , 4
5308 , 5
5309 , 4
5310 , 7
5311 , 1
5312 , 5
5313 , 10
5314 , 10
5315 , 8
5316 , 5
5317 , 2
5318 , 10
5319 , 6
5320 , 5
5321 , 9
5322 , 9
5323 , 1
5324 , 1
5325 , 8
5326 , 10
5327 , 10
5328 , 3
5329 , 4
5330 , 10
5331 , 2
5332 , 10
5333 , 10
5334 , 3
5335 , 2
5336 , 1
5337 , 10
5338 , 10
5339 , 6
5340 , 6
5341 , 9
5342 , 2
5343 , 10
5344 , 10
5345 , 6
5346 , 2
5347 , 4
5348 , 6
5349 , 10
5350 , 8
5351 , 1
5352 , 1
5353 , 7
5354 , 9
5355 , 7
5356 , 8
5357 , 10
5358 , 4
5359 , 4
5360 , 4
5361 , 10
5362 , 1
5363 , 6
5364 , 1
5365 , 7
5366 , 3
5367 , 6
5368 , 10
5369 , 6
5370 , 4
5371 , 1
5372 , 5
5373 , 1
5374 , 5
5375 , 6
5376 , 5
5377 , 9
5378 , 5
5379 , 3
5380 , 10
5381 , 3
5382 , 2
5383 , 7
5384 , 2
5385 , 10
5386 , 7
5387 , 4
5388 , 9
5389 , 10
5390 , 2
5391 , 9
5392 , 6
5393 , 10
5394 , 6
5395 , 7
5396 , 3
5397 , 6
5398 , 5
5399 , 9
5400 , 3
5401 , 6
5402 , 4
5403 , 5
5404 , 6
5405 , 7
5406 , 10
5407 , 5
5408 , 1
5409 , 7
5410 , 4
5411 , 1
5412 , 6
5413 , 2
5414 , 7
5415 , 7
5416 , 3
5417 , 3
5418 , 6
5419 , 9
5420 , 5
5421 , 6
5422 , 10
5423 , 3
5424 , 1
5425 , 2
5426 , 1
5427 , 1
5428 , 10
5429 , 3
5430 , 3
5431 , 10
5432 , 3
5433 , 7
5434 , 9
5435 , 8
5436 , 5
5437 , 8
5438 , 9
5439 , 1
5440 , 6
5441 , 6
5442 , 10
5443 , 7
5444 , 7
5445 , 4
5446 , 5
5447 , 7
5448 , 10
5449 , 8
5450 , 7
5451 , 8
5452 , 9
5453 , 9
5454 , 6
5455 , 3
5456 , 5
5457 , 1
5458 , 10
5459 , 4
5460 , 4
5461 , 3
5462 , 8
5463 , 2
5464 , 7
5465 , 10
5466 , 5
5467 , 7
5468 , 5
5469 , 5
5470 , 7
5471 , 1
5472 , 3
5473 , 2
5474 , 10
5475 , 9
5476 , 1
5477 , 3
5478 , 8
5479 , 1
5480 , 9
5481 , 10
5482 , 9
5483 , 9
5484 , 9
5485 , 3
5486 , 1
5487 , 9
5488 , 10
5489 , 4
5490 , 7
5491 , 8
5492 , 8
5493 , 3
5494 , 5
5495 , 3
5496 , 8
5497 , 6
5498 , 9
5499 , 4
5500 , 8
5501 , 10
5502 , 1
5503 , 6
5504 , 6
5505 , 9
5506 , 2
5507 , 8
5508 , 10
5509 , 10
5510 , 4
5511 , 4
5512 , 7
5513 , 7
5514 , 10
5515 , 5
5516 , 6
5517 , 9
5518 , 9
5519 , 9
5520 , 7
5521 , 3
5522 , 1
5523 , 6
5524 , 6
5525 , 1
5526 , 1
5527 , 4
5528 , 8
5529 , 6
5530 , 2
5531 , 1
5532 , 9
5533 , 4
5534 , 5
5535 , 1
5536 , 8
5537 , 6
5538 , 6
5539 , 9
5540 , 7
5541 , 4
5542 , 4
5543 , 6
5544 , 7
5545 , 1
5546 , 1
5547 , 3
5548 , 8
5549 , 9
5550 , 9
5551 , 2
5552 , 4
5553 , 4
5554 , 2
5555 , 7
5556 , 9
5557 , 5
5558 , 10
5559 , 7
5560 , 6
5561 , 9
5562 , 4
5563 , 10
5564 , 1
5565 , 6
5566 , 6
5567 , 6
5568 , 2
5569 , 8
5570 , 6
5571 , 3
5572 , 6
5573 , 10
5574 , 3
5575 , 6
5576 , 5
5577 , 8
5578 , 3
5579 , 5
5580 , 1
5581 , 6
5582 , 8
5583 , 3
5584 , 8
5585 , 6
5586 , 9
5587 , 8
5588 , 6
5589 , 6
5590 , 2
5591 , 10
5592 , 7
5593 , 2
5594 , 8
5595 , 5
5596 , 4
5597 , 10
5598 , 8
5599 , 2
5600 , 10
5601 , 5
5602 , 3
5603 , 6
5604 , 5
5605 , 8
5606 , 10
5607 , 3
5608 , 9
5609 , 2
5610 , 4
5611 , 3
5612 , 4
5613 , 9
5614 , 1
5615 , 1
5616 , 4
5617 , 5
5618 , 6
5619 , 10
5620 , 10
5621 , 1
5622 , 10
5623 , 8
5624 , 5
5625 , 1
5626 , 1
5627 , 6
5628 , 7
5629 , 10
5630 , 7
5631 , 10
5632 , 3
5633 , 1
5634 , 7
5635 , 5
5636 , 4
5637 , 2
5638 , 2
5639 , 8
5640 , 9
5641 , 7
5642 , 6
5643 , 9
5644 , 2
5645 , 10
5646 , 9
5647 , 8
5648 , 9
5649 , 6
5650 , 9
5651 , 5
5652 , 2
5653 , 5
5654 , 4
5655 , 10
5656 , 10
5657 , 9
5658 , 8
5659 , 10
5660 , 3
5661 , 8
5662 , 1
5663 , 6
5664 , 3
5665 , 7
5666 , 10
5667 , 9
5668 , 1
5669 , 6
5670 , 2
5671 , 9
5672 , 4
5673 , 8
5674 , 1
5675 , 1
5676 , 10
5677 , 9
5678 , 3
5679 , 9
5680 , 8
5681 , 3
5682 , 10
5683 , 10
5684 , 8
5685 , 5
5686 , 6
5687 , 1
5688 , 6
5689 , 8
5690 , 9
5691 , 10
5692 , 1
5693 , 7
5694 , 5
5695 , 9
5696 , 6
5697 , 3
5698 , 7
5699 , 3
5700 , 6
5701 , 8
5702 , 8
5703 , 10
5704 , 6
5705 , 7
5706 , 9
5707 , 6
5708 , 8
5709 , 6
5710 , 2
5711 , 4
5712 , 1
5713 , 3
5714 , 6
5715 , 6
5716 , 4
5717 , 3
5718 , 8
5719 , 2
5720 , 8
5721 , 6
5722 , 4
5723 , 7
5724 , 10
5725 , 1
5726 , 3
5727 , 10
5728 , 9
5729 , 4
5730 , 7
5731 , 8
5732 , 2
5733 , 7
5734 , 8
5735 , 5
5736 , 9
5737 , 1
5738 , 7
5739 , 8
5740 , 6
5741 , 7
5742 , 1
5743 , 1
5744 , 9
5745 , 9
5746 , 1
5747 , 6
5748 , 6
5749 , 7
5750 , 6
5751 , 7
5752 , 10
5753 , 7
5754 , 10
5755 , 9
5756 , 6
5757 , 3
5758 , 1
5759 , 1
5760 , 1
5761 , 4
5762 , 3
5763 , 6
5764 , 6
5765 , 3
5766 , 1
5767 , 9
5768 , 6
5769 , 10
5770 , 4
5771 , 8
5772 , 4
5773 , 1
5774 , 5
5775 , 7
5776 , 4
5777 , 1
5778 , 7
5779 , 1
5780 , 6
5781 , 6
5782 , 7
5783 , 10
5784 , 2
5785 , 8
5786 , 1
5787 , 9
5788 , 8
5789 , 10
5790 , 5
5791 , 4
5792 , 8
5793 , 8
5794 , 7
5795 , 6
5796 , 9
5797 , 9
5798 , 10
5799 , 6
5800 , 10
5801 , 6
5802 , 10
5803 , 8
5804 , 9
5805 , 5
5806 , 3
5807 , 8
5808 , 9
5809 , 8
5810 , 1
5811 , 4
5812 , 6
5813 , 7
5814 , 8
5815 , 4
5816 , 6
5817 , 9
5818 , 3
5819 , 10
5820 , 8
5821 , 10
5822 , 5
5823 , 4
5824 , 6
5825 , 3
5826 , 4
5827 , 7
5828 , 7
5829 , 10
5830 , 5
5831 , 2
5832 , 1
5833 , 3
5834 , 6
5835 , 2
5836 , 4
5837 , 1
5838 , 8
5839 , 9
5840 , 4
5841 , 8
5842 , 7
5843 , 10
5844 , 7
5845 , 7
5846 , 10
5847 , 8
5848 , 7
5849 , 8
5850 , 8
5851 , 8
5852 , 10
5853 , 3
5854 , 5
5855 , 7
5856 , 2
5857 , 2
5858 , 7
5859 , 8
5860 , 9
5861 , 1
5862 , 5
5863 , 1
5864 , 6
5865 , 6
5866 , 5
5867 , 1
5868 , 5
5869 , 5
5870 , 8
5871 , 1
5872 , 8
5873 , 8
5874 , 5
5875 , 8
5876 , 3
5877 , 10
5878 , 6
5879 , 4
5880 , 1
5881 , 4
5882 , 5
5883 , 10
5884 , 4
5885 , 6
5886 , 6
5887 , 4
5888 , 8
5889 , 4
5890 , 8
5891 , 3
5892 , 7
5893 , 2
5894 , 1
5895 , 7
5896 , 8
5897 , 10
5898 , 2
5899 , 8
5900 , 9
5901 , 7
5902 , 10
5903 , 7
5904 , 6
5905 , 7
5906 , 3
5907 , 10
5908 , 8
5909 , 1
5910 , 2
5911 , 1
5912 , 9
5913 , 1
5914 , 8
5915 , 5
5916 , 1
5917 , 3
5918 , 1
5919 , 1
5920 , 10
5921 , 7
5922 , 8
5923 , 6
5924 , 2
5925 , 6
5926 , 7
5927 , 1
5928 , 9
5929 , 5
5930 , 2
5931 , 1
5932 , 8
5933 , 9
5934 , 10
5935 , 1
5936 , 7
5937 , 10
5938 , 8
5939 , 6
5940 , 6
5941 , 9
5942 , 1
5943 , 7
5944 , 10
5945 , 4
5946 , 6
5947 , 9
5948 , 8
5949 , 1
5950 , 4
5951 , 9
5952 , 2
5953 , 4
5954 , 9
5955 , 10
5956 , 5
5957 , 3
5958 , 10
5959 , 10
5960 , 9
5961 , 6
5962 , 3
5963 , 10
5964 , 4
5965 , 1
5966 , 10
5967 , 5
5968 , 7
5969 , 7
5970 , 9
5971 , 4
5972 , 5
5973 , 6
5974 , 1
5975 , 3
5976 , 2
5977 , 4
5978 , 8
5979 , 4
5980 , 3
5981 , 5
5982 , 8
5983 , 10
5984 , 10
5985 , 7
5986 , 6
5987 , 7
5988 , 2
5989 , 7
5990 , 3
5991 , 4
5992 , 4
5993 , 7
5994 , 8
5995 , 3
5996 , 8
5997 , 5
5998 , 1
5999 , 8
6000 , 1
6001 , 8
6002 , 9
6003 , 6
6004 , 4
6005 , 3
6006 , 9
6007 , 9
6008 , 9
6009 , 6
6010 , 2
6011 , 6
6012 , 4
6013 , 9
6014 , 7
6015 , 2
6016 , 8
6017 , 5
6018 , 3
6019 , 8
6020 , 6
6021 , 3
6022 , 3
6023 , 2
6024 , 7
6025 , 2
6026 , 8
6027 , 8
6028 , 9
6029 , 3
6030 , 6
6031 , 4
6032 , 8
6033 , 7
6034 , 5
6035 , 1
6036 , 2
6037 , 5
6038 , 9
6039 , 6
6040 , 7
6041 , 10
6042 , 8
6043 , 8
6044 , 3
6045 , 1
6046 , 8
6047 , 8
6048 , 8
6049 , 4
6050 , 10
6051 , 2
6052 , 7
6053 , 6
6054 , 3
6055 , 7
6056 , 9
6057 , 7
6058 , 4
6059 , 3
6060 , 10
6061 , 9
6062 , 1
6063 , 2
6064 , 4
6065 , 1
6066 , 1
6067 , 5
6068 , 3
6069 , 2
6070 , 3
6071 , 1
6072 , 2
6073 , 2
6074 , 3
6075 , 5
6076 , 1
6077 , 6
6078 , 1
6079 , 10
6080 , 5
6081 , 9
6082 , 7
6083 , 5
6084 , 4
6085 , 6
6086 , 7
6087 , 3
6088 , 1
6089 , 8
6090 , 10
6091 , 6
6092 , 9
6093 , 3
6094 , 6
6095 , 6
6096 , 4
6097 , 8
6098 , 5
6099 , 10
6100 , 8
6101 , 4
6102 , 9
6103 , 5
6104 , 6
6105 , 7
6106 , 3
6107 , 6
6108 , 6
6109 , 9
6110 , 5
6111 , 9
6112 , 5
6113 , 6
6114 , 5
6115 , 3
6116 , 4
6117 , 7
6118 , 9
6119 , 8
6120 , 10
6121 , 1
6122 , 9
6123 , 5
6124 , 5
6125 , 4
6126 , 6
6127 , 2
6128 , 6
6129 , 3
6130 , 4
6131 , 3
6132 , 9
6133 , 8
6134 , 1
6135 , 9
6136 , 8
6137 , 3
6138 , 2
6139 , 7
6140 , 9
6141 , 8
6142 , 8
6143 , 10
6144 , 5
6145 , 1
6146 , 1
6147 , 10
6148 , 9
6149 , 9
6150 , 6
6151 , 6
6152 , 7
6153 , 5
6154 , 9
6155 , 7
6156 , 6
6157 , 9
6158 , 3
6159 , 4
6160 , 5
6161 , 10
6162 , 3
6163 , 9
6164 , 6
6165 , 6
6166 , 9
6167 , 9
6168 , 9
6169 , 1
6170 , 6
6171 , 9
6172 , 6
6173 , 1
6174 , 9
6175 , 4
6176 , 2
6177 , 5
6178 , 8
6179 , 3
6180 , 6
6181 , 6
6182 , 3
6183 , 3
6184 , 9
6185 , 5
6186 , 3
6187 , 6
6188 , 7
6189 , 2
6190 , 1
6191 , 8
6192 , 8
6193 , 1
6194 , 9
6195 , 6
6196 , 8
6197 , 10
6198 , 4
6199 , 5
6200 , 1
6201 , 7
6202 , 1
6203 , 10
6204 , 7
6205 , 8
6206 , 4
6207 , 7
6208 , 8
6209 , 6
6210 , 4
6211 , 6
6212 , 4
6213 , 6
6214 , 5
6215 , 9
6216 , 4
6217 , 3
6218 , 5
6219 , 6
6220 , 4
6221 , 3
6222 , 9
6223 , 1
6224 , 9
6225 , 6
6226 , 8
6227 , 9
6228 , 4
6229 , 5
6230 , 8
6231 , 1
6232 , 10
6233 , 8
6234 , 7
6235 , 9
6236 , 5
6237 , 1
6238 , 9
6239 , 6
6240 , 6
6241 , 2
6242 , 10
6243 , 6
6244 , 7
6245 , 3
6246 , 3
6247 , 6
6248 , 6
6249 , 10
6250 , 9
6251 , 4
6252 , 8
6253 , 1
6254 , 10
6255 , 8
6256 , 1
6257 , 1
6258 , 4
6259 , 5
6260 , 7
6261 , 4
6262 , 5
6263 , 5
6264 , 6
6265 , 3
6266 , 9
6267 , 7
6268 , 6
6269 , 10
6270 , 8
6271 , 2
6272 , 3
6273 , 1
6274 , 3
6275 , 9
6276 , 1
6277 , 8
6278 , 9
6279 , 8
6280 , 10
6281 , 2
6282 , 7
6283 , 9
6284 , 10
6285 , 3
6286 , 6
6287 , 9
6288 , 4
6289 , 5
6290 , 6
6291 , 9
6292 , 10
6293 , 10
6294 , 9
6295 , 7
6296 , 1
6297 , 3
6298 , 3
6299 , 8
6300 , 6
6301 , 7
6302 , 8
6303 , 9
6304 , 9
6305 , 7
6306 , 5
6307 , 10
6308 , 8
6309 , 9
6310 , 7
6311 , 1
6312 , 6
6313 , 4
6314 , 1
6315 , 8
6316 , 6
6317 , 8
6318 , 5
6319 , 6
6320 , 10
6321 , 1
6322 , 8
6323 , 8
6324 , 8
6325 , 4
6326 , 2
6327 , 1
6328 , 1
6329 , 6
6330 , 7
6331 , 10
6332 , 8
6333 , 3
6334 , 6
6335 , 7
6336 , 7
6337 , 4
6338 , 9
6339 , 5
6340 , 6
6341 , 4
6342 , 10
6343 , 4
6344 , 1
6345 , 3
6346 , 4
6347 , 10
6348 , 3
6349 , 1
6350 , 2
6351 , 5
6352 , 9
6353 , 4
6354 , 10
6355 , 3
6356 , 5
6357 , 1
6358 , 6
6359 , 3
6360 , 8
6361 , 2
6362 , 7
6363 , 2
6364 , 7
6365 , 8
6366 , 6
6367 , 3
6368 , 3
6369 , 6
6370 , 3
6371 , 3
6372 , 3
6373 , 3
6374 , 8
6375 , 6
6376 , 2
6377 , 7
6378 , 9
6379 , 1
6380 , 5
6381 , 3
6382 , 7
6383 , 6
6384 , 3
6385 , 10
6386 , 9
6387 , 8
6388 , 6
6389 , 9
6390 , 4
6391 , 1
6392 , 10
6393 , 8
6394 , 3
6395 , 9
6396 , 2
6397 , 8
6398 , 5
6399 , 7
6400 , 1
6401 , 2
6402 , 6
6403 , 2
6404 , 10
6405 , 7
6406 , 10
6407 , 5
6408 , 7
6409 , 4
6410 , 1
6411 , 2
6412 , 7
6413 , 9
6414 , 9
6415 , 6
6416 , 9
6417 , 10
6418 , 6
6419 , 8
6420 , 2
6421 , 1
6422 , 7
6423 , 4
6424 , 3
6425 , 6
6426 , 5
6427 , 3
6428 , 9
6429 , 10
6430 , 1
6431 , 2
6432 , 10
6433 , 2
6434 , 10
6435 , 9
6436 , 4
6437 , 10
6438 , 1
6439 , 5
6440 , 1
6441 , 1
6442 , 5
6443 , 1
6444 , 9
6445 , 10
6446 , 6
6447 , 4
6448 , 9
6449 , 9
6450 , 3
6451 , 5
6452 , 9
6453 , 1
6454 , 1
6455 , 10
6456 , 1
6457 , 8
6458 , 9
6459 , 4
6460 , 4
6461 , 6
6462 , 3
6463 , 8
6464 , 8
6465 , 4
6466 , 8
6467 , 7
6468 , 10
6469 , 10
6470 , 9
6471 , 9
6472 , 5
6473 , 10
6474 , 3
6475 , 9
6476 , 5
6477 , 10
6478 , 5
6479 , 10
6480 , 3
6481 , 5
6482 , 8
6483 , 6
6484 , 5
6485 , 5
6486 , 8
6487 , 9
6488 , 9
6489 , 1
6490 , 5
6491 , 4
6492 , 3
6493 , 10
6494 , 1
6495 , 1
6496 , 1
6497 , 1
6498 , 5
6499 , 7
6500 , 2
6501 , 1
6502 , 3
6503 , 10
6504 , 1
6505 , 1
6506 , 4
6507 , 8
6508 , 8
6509 , 5
6510 , 6
6511 , 4
6512 , 2
6513 , 7
6514 , 2
6515 , 10
6516 , 10
6517 , 7
6518 , 7
6519 , 1
6520 , 8
6521 , 7
6522 , 5
6523 , 1
6524 , 1
6525 , 3
6526 , 10
6527 , 7
6528 , 7
6529 , 6
6530 , 2
6531 , 6
6532 , 7
6533 , 9
6534 , 5
6535 , 6
6536 , 3
6537 , 10
6538 , 3
6539 , 4
6540 , 6
6541 , 1
6542 , 9
6543 , 10
6544 , 4
6545 , 7
6546 , 2
6547 , 10
6548 , 3
6549 , 3
6550 , 8
6551 , 7
6552 , 5
6553 , 8
6554 , 8
6555 , 10
6556 , 1
6557 , 2
6558 , 10
6559 , 5
6560 , 3
6561 , 1
6562 , 10
6563 , 6
6564 , 9
6565 , 2
6566 , 10
6567 , 6
6568 , 6
6569 , 10
6570 , 1
6571 , 9
6572 , 2
6573 , 10
6574 , 6
6575 , 3
6576 , 4
6577 , 6
6578 , 9
6579 , 5
6580 , 10
6581 , 5
6582 , 2
6583 , 7
6584 , 4
6585 , 9
6586 , 5
6587 , 8
6588 , 5
6589 , 5
6590 , 5
6591 , 3
6592 , 10
6593 , 3
6594 , 8
6595 , 9
6596 , 4
6597 , 7
6598 , 4
6599 , 6
6600 , 9
6601 , 7
6602 , 10
6603 , 1
6604 , 1
6605 , 3
6606 , 2
6607 , 8
6608 , 9
6609 , 2
6610 , 1
6611 , 6
6612 , 4
6613 , 6
6614 , 6
6615 , 6
6616 , 9
6617 , 3
6618 , 2
6619 , 3
6620 , 10
6621 , 3
6622 , 4
6623 , 10
6624 , 5
6625 , 3
6626 , 9
6627 , 9
6628 , 3
6629 , 10
6630 , 5
6631 , 10
6632 , 10
6633 , 9
6634 , 9
6635 , 6
6636 , 6
6637 , 5
6638 , 5
6639 , 1
6640 , 4
6641 , 6
6642 , 4
6643 , 7
6644 , 10
6645 , 4
6646 , 10
6647 , 3
6648 , 4
6649 , 9
6650 , 1
6651 , 8
6652 , 6
6653 , 8
6654 , 5
6655 , 1
6656 , 6
6657 , 3
6658 , 3
6659 , 3
6660 , 5
6661 , 3
6662 , 5
6663 , 6
6664 , 8
6665 , 10
6666 , 10
6667 , 4
6668 , 5
6669 , 7
6670 , 6
6671 , 8
6672 , 8
6673 , 8
6674 , 8
6675 , 1
6676 , 9
6677 , 7
6678 , 10
6679 , 8
6680 , 4
6681 , 4
6682 , 9
6683 , 9
6684 , 3
6685 , 6
6686 , 6
6687 , 4
6688 , 4
6689 , 5
6690 , 9
6691 , 5
6692 , 6
6693 , 3
6694 , 7
6695 , 6
6696 , 6
6697 , 1
6698 , 9
6699 , 4
6700 , 2
6701 , 6
6702 , 6
6703 , 4
6704 , 3
6705 , 7
6706 , 2
6707 , 9
6708 , 9
6709 , 3
6710 , 10
6711 , 9
6712 , 6
6713 , 9
6714 , 3
6715 , 10
6716 , 1
6717 , 4
6718 , 9
6719 , 8
6720 , 8
6721 , 8
6722 , 2
6723 , 1
6724 , 7
6725 , 4
6726 , 8
6727 , 8
6728 , 6
6729 , 8
6730 , 6
6731 , 10
6732 , 4
6733 , 10
6734 , 5
6735 , 5
6736 , 10
6737 , 6
6738 , 5
6739 , 3
6740 , 2
6741 , 3
6742 , 7
6743 , 3
6744 , 6
6745 , 9
6746 , 7
6747 , 7
6748 , 10
6749 , 1
6750 , 6
6751 , 5
6752 , 6
6753 , 9
6754 , 10
6755 , 7
6756 , 4
6757 , 7
6758 , 9
6759 , 10
6760 , 4
6761 , 1
6762 , 2
6763 , 1
6764 , 5
6765 , 9
6766 , 9
6767 , 10
6768 , 5
6769 , 10
6770 , 4
6771 , 2
6772 , 7
6773 , 8
6774 , 3
6775 , 10
6776 , 1
6777 , 9
6778 , 10
6779 , 6
6780 , 2
6781 , 3
6782 , 5
6783 , 3
6784 , 7
6785 , 7
6786 , 8
6787 , 10
6788 , 8
6789 , 4
6790 , 10
6791 , 7
6792 , 1
6793 , 8
6794 , 2
6795 , 4
6796 , 3
6797 , 1
6798 , 9
6799 , 2
6800 , 7
6801 , 6
6802 , 6
6803 , 7
6804 , 1
6805 , 6
6806 , 1
6807 , 10
6808 , 3
6809 , 9
6810 , 8
6811 , 10
6812 , 8
6813 , 4
6814 , 9
6815 , 1
6816 , 7
6817 , 8
6818 , 1
6819 , 3
6820 , 1
6821 , 7
6822 , 2
6823 , 6
6824 , 7
6825 , 7
6826 , 3
6827 , 4
6828 , 8
6829 , 4
6830 , 1
6831 , 2
6832 , 4
6833 , 9
6834 , 8
6835 , 2
6836 , 9
6837 , 5
6838 , 8
6839 , 2
6840 , 9
6841 , 10
6842 , 9
6843 , 1
6844 , 7
6845 , 1
6846 , 10
6847 , 6
6848 , 1
6849 , 8
6850 , 8
6851 , 3
6852 , 7
6853 , 9
6854 , 2
6855 , 3
6856 , 9
6857 , 3
6858 , 7
6859 , 9
6860 , 8
6861 , 1
6862 , 10
6863 , 9
6864 , 10
6865 , 3
6866 , 4
6867 , 10
6868 , 2
6869 , 9
6870 , 8
6871 , 9
6872 , 7
6873 , 1
6874 , 8
6875 , 10
6876 , 6
6877 , 6
6878 , 7
6879 , 5
6880 , 5
6881 , 2
6882 , 6
6883 , 8
6884 , 9
6885 , 8
6886 , 5
6887 , 4
6888 , 1
6889 , 1
6890 , 1
6891 , 4
6892 , 6
6893 , 6
6894 , 10
6895 , 7
6896 , 10
6897 , 8
6898 , 9
6899 , 5
6900 , 7
6901 , 5
6902 , 1
6903 , 1
6904 , 4
6905 , 9
6906 , 8
6907 , 10
6908 , 7
6909 , 9
6910 , 2
6911 , 10
6912 , 10
6913 , 4
6914 , 5
6915 , 9
6916 , 8
6917 , 9
6918 , 6
6919 , 1
6920 , 6
6921 , 6
6922 , 10
6923 , 6
6924 , 1
6925 , 6
6926 , 2
6927 , 7
6928 , 6
6929 , 5
6930 , 1
6931 , 6
6932 , 1
6933 , 2
6934 , 3
6935 , 7
6936 , 4
6937 , 7
6938 , 9
6939 , 2
6940 , 7
6941 , 9
6942 , 8
6943 , 7
6944 , 5
6945 , 9
6946 , 10
6947 , 9
6948 , 4
6949 , 10
6950 , 4
6951 , 7
6952 , 4
6953 , 3
6954 , 10
6955 , 2
6956 , 9
6957 , 4
6958 , 10
6959 , 4
6960 , 5
6961 , 5
6962 , 8
6963 , 9
6964 , 1
6965 , 9
6966 , 9
6967 , 10
6968 , 2
6969 , 2
6970 , 8
6971 , 8
6972 , 8
6973 , 2
6974 , 5
6975 , 8
6976 , 6
6977 , 4
6978 , 2
6979 , 8
6980 , 5
6981 , 5
6982 , 3
6983 , 2
6984 , 6
6985 , 1
6986 , 10
6987 , 1
6988 , 3
6989 , 6
6990 , 7
6991 , 2
6992 , 10
6993 , 10
6994 , 1
6995 , 4
6996 , 6
6997 , 9
6998 , 3
6999 , 9
7000 , 6
7001 , 2
7002 , 10
7003 , 8
7004 , 3
7005 , 10
7006 , 8
7007 , 2
7008 , 9
7009 , 5
7010 , 1
7011 , 5
7012 , 8
7013 , 7
7014 , 8
7015 , 7
7016 , 8
7017 , 4
7018 , 8
7019 , 1
7020 , 9
7021 , 1
7022 , 4
7023 , 8
7024 , 8
7025 , 8
7026 , 10
7027 , 7
7028 , 9
7029 , 7
7030 , 2
7031 , 8
7032 , 6
7033 , 6
7034 , 4
7035 , 8
7036 , 7
7037 , 6
7038 , 9
7039 , 5
7040 , 9
7041 , 8
7042 , 6
7043 , 7
7044 , 4
7045 , 6
7046 , 10
7047 , 9
7048 , 10
7049 , 10
7050 , 10
7051 , 10
7052 , 4
7053 , 2
7054 , 3
7055 , 10
7056 , 6
7057 , 5
7058 , 8
7059 , 6
7060 , 2
7061 , 6
7062 , 6
7063 , 8
7064 , 6
7065 , 4
7066 , 1
7067 , 4
7068 , 2
7069 , 6
7070 , 5
7071 , 10
7072 , 8
7073 , 7
7074 , 8
7075 , 8
7076 , 7
7077 , 7
7078 , 9
7079 , 9
7080 , 1
7081 , 9
7082 , 8
7083 , 8
7084 , 6
7085 , 3
7086 , 3
7087 , 6
7088 , 1
7089 , 5
7090 , 8
7091 , 3
7092 , 6
7093 , 9
7094 , 10
7095 , 10
7096 , 3
7097 , 6
7098 , 10
7099 , 2
7100 , 8
7101 , 3
7102 , 1
7103 , 8
7104 , 6
7105 , 2
7106 , 6
7107 , 8
7108 , 2
7109 , 7
7110 , 6
7111 , 4
7112 , 8
7113 , 9
7114 , 1
7115 , 9
7116 , 3
7117 , 10
7118 , 10
7119 , 6
7120 , 5
7121 , 6
7122 , 4
7123 , 8
7124 , 5
7125 , 6
7126 , 10
7127 , 10
7128 , 1
7129 , 1
7130 , 2
7131 , 4
7132 , 10
7133 , 9
7134 , 5
7135 , 6
7136 , 6
7137 , 10
7138 , 4
7139 , 9
7140 , 10
7141 , 6
7142 , 8
7143 , 3
7144 , 4
7145 , 2
7146 , 1
7147 , 9
7148 , 10
7149 , 10
7150 , 3
7151 , 1
7152 , 3
7153 , 1
7154 , 3
7155 , 5
7156 , 3
7157 , 8
7158 , 1
7159 , 7
7160 , 6
7161 , 6
7162 , 3
7163 , 10
7164 , 1
7165 , 10
7166 , 1
7167 , 6
7168 , 4
7169 , 4
7170 , 7
7171 , 6
7172 , 10
7173 , 7
7174 , 1
7175 , 6
7176 , 10
7177 , 2
7178 , 4
7179 , 5
7180 , 6
7181 , 9
7182 , 10
7183 , 3
7184 , 7
7185 , 8
7186 , 1
7187 , 10
7188 , 7
7189 , 1
7190 , 5
7191 , 6
7192 , 4
7193 , 10
7194 , 10
7195 , 3
7196 , 3
7197 , 6
7198 , 10
7199 , 7
7200 , 4
7201 , 4
7202 , 2
7203 , 8
7204 , 3
7205 , 5
7206 , 10
7207 , 9
7208 , 8
7209 , 7
7210 , 1
7211 , 8
7212 , 7
7213 , 9
7214 , 4
7215 , 7
7216 , 6
7217 , 10
7218 , 2
7219 , 4
7220 , 5
7221 , 7
7222 , 2
7223 , 10
7224 , 4
7225 , 6
7226 , 9
7227 , 5
7228 , 7
7229 , 4
7230 , 4
7231 , 3
7232 , 6
7233 , 6
7234 , 6
7235 , 9
7236 , 1
7237 , 10
7238 , 10
7239 , 4
7240 , 7
7241 , 9
7242 , 8
7243 , 6
7244 , 6
7245 , 5
7246 , 8
7247 , 10
7248 , 3
7249 , 1
7250 , 8
7251 , 7
7252 , 6
7253 , 9
7254 , 4
7255 , 5
7256 , 3
7257 , 7
7258 , 9
7259 , 10
7260 , 3
7261 , 1
7262 , 5
7263 , 9
7264 , 9
7265 , 6
7266 , 3
7267 , 2
7268 , 8
7269 , 4
7270 , 3
7271 , 8
7272 , 5
7273 , 8
7274 , 7
7275 , 10
7276 , 2
7277 , 8
7278 , 1
7279 , 5
7280 , 7
7281 , 3
7282 , 9
7283 , 7
7284 , 2
7285 , 10
7286 , 9
7287 , 5
7288 , 10
7289 , 3
7290 , 1
7291 , 3
7292 , 2
7293 , 3
7294 , 2
7295 , 6
7296 , 4
7297 , 10
7298 , 1
7299 , 3
7300 , 1
7301 , 9
7302 , 8
7303 , 10
7304 , 7
7305 , 10
7306 , 4
7307 , 10
7308 , 10
7309 , 8
7310 , 1
7311 , 1
7312 , 10
7313 , 7
7314 , 1
7315 , 10
7316 , 8
7317 , 3
7318 , 8
7319 , 7
7320 , 10
7321 , 1
7322 , 10
7323 , 5
7324 , 9
7325 , 8
7326 , 9
7327 , 4
7328 , 1
7329 , 10
7330 , 6
7331 , 10
7332 , 8
7333 , 5
7334 , 9
7335 , 1
7336 , 9
7337 , 4
7338 , 7
7339 , 6
7340 , 2
7341 , 9
7342 , 6
7343 , 8
7344 , 7
7345 , 10
7346 , 1
7347 , 5
7348 , 2
7349 , 6
7350 , 7
7351 , 7
7352 , 10
7353 , 4
7354 , 9
7355 , 10
7356 , 10
7357 , 2
7358 , 6
7359 , 4
7360 , 9
7361 , 4
7362 , 5
7363 , 9
7364 , 2
7365 , 8
7366 , 2
7367 , 9
7368 , 3
7369 , 7
7370 , 8
7371 , 1
7372 , 5
7373 , 1
7374 , 1
7375 , 1
7376 , 1
7377 , 6
7378 , 3
7379 , 6
7380 , 1
7381 , 10
7382 , 5
7383 , 4
7384 , 10
7385 , 4
7386 , 7
7387 , 3
7388 , 5
7389 , 9
7390 , 8
7391 , 2
7392 , 8
7393 , 3
7394 , 9
7395 , 10
7396 , 7
7397 , 8
7398 , 4
7399 , 3
7400 , 10
7401 , 1
7402 , 9
7403 , 5
7404 , 6
7405 , 10
7406 , 6
7407 , 3
7408 , 8
7409 , 3
7410 , 1
7411 , 6
7412 , 8
7413 , 6
7414 , 8
7415 , 2
7416 , 1
7417 , 5
7418 , 9
7419 , 3
7420 , 1
7421 , 1
7422 , 4
7423 , 5
7424 , 6
7425 , 8
7426 , 3
7427 , 6
7428 , 7
7429 , 10
7430 , 8
7431 , 1
7432 , 6
7433 , 1
7434 , 3
7435 , 10
7436 , 6
7437 , 10
7438 , 4
7439 , 8
7440 , 10
7441 , 7
7442 , 1
7443 , 5
7444 , 10
7445 , 6
7446 , 5
7447 , 9
7448 , 1
7449 , 1
7450 , 6
7451 , 9
7452 , 3
7453 , 7
7454 , 8
7455 , 9
7456 , 6
7457 , 6
7458 , 6
7459 , 5
7460 , 3
7461 , 10
7462 , 10
7463 , 9
7464 , 6
7465 , 10
7466 , 1
7467 , 7
7468 , 3
7469 , 8
7470 , 2
7471 , 7
7472 , 7
7473 , 1
7474 , 8
7475 , 6
7476 , 5
7477 , 4
7478 , 9
7479 , 2
7480 , 9
7481 , 8
7482 , 9
7483 , 1
7484 , 3
7485 , 4
7486 , 8
7487 , 10
7488 , 10
7489 , 5
7490 , 4
7491 , 2
7492 , 2
7493 , 1
7494 , 9
7495 , 6
7496 , 9
7497 , 7
7498 , 6
7499 , 4
7500 , 5
7501 , 7
7502 , 2
7503 , 7
7504 , 4
7505 , 9
7506 , 1
7507 , 8
7508 , 8
7509 , 9
7510 , 4
7511 , 10
7512 , 6
7513 , 2
7514 , 4
7515 , 7
7516 , 8
7517 , 6
7518 , 4
7519 , 1
7520 , 10
7521 , 2
7522 , 1
7523 , 4
7524 , 5
7525 , 9
7526 , 6
7527 , 3
7528 , 6
7529 , 8
7530 , 3
7531 , 6
7532 , 10
7533 , 9
7534 , 5
7535 , 1
7536 , 8
7537 , 6
7538 , 4
7539 , 1
7540 , 5
7541 , 4
7542 , 5
7543 , 3
7544 , 10
7545 , 10
7546 , 3
7547 , 1
7548 , 10
7549 , 10
7550 , 10
7551 , 8
7552 , 7
7553 , 5
7554 , 6
7555 , 8
7556 , 3
7557 , 5
7558 , 7
7559 , 10
7560 , 6
7561 , 6
7562 , 10
7563 , 6
7564 , 4
7565 , 1
7566 , 1
7567 , 10
7568 , 3
7569 , 5
7570 , 8
7571 , 7
7572 , 1
7573 , 6
7574 , 1
7575 , 5
7576 , 5
7577 , 6
7578 , 6
7579 , 3
7580 , 6
7581 , 5
7582 , 8
7583 , 2
7584 , 2
7585 , 8
7586 , 7
7587 , 6
7588 , 8
7589 , 4
7590 , 1
7591 , 3
7592 , 3
7593 , 10
7594 , 10
7595 , 6
7596 , 5
7597 , 9
7598 , 1
7599 , 2
7600 , 5
7601 , 7
7602 , 7
7603 , 8
7604 , 1
7605 , 7
7606 , 2
7607 , 5
7608 , 8
7609 , 8
7610 , 9
7611 , 5
7612 , 5
7613 , 4
7614 , 9
7615 , 4
7616 , 7
7617 , 5
7618 , 2
7619 , 6
7620 , 7
7621 , 2
7622 , 6
7623 , 7
7624 , 9
7625 , 9
7626 , 4
7627 , 9
7628 , 6
7629 , 3
7630 , 7
7631 , 6
7632 , 5
7633 , 1
7634 , 8
7635 , 1
7636 , 1
7637 , 6
7638 , 1
7639 , 7
7640 , 8
7641 , 6
7642 , 10
7643 , 8
7644 , 1
7645 , 8
7646 , 3
7647 , 3
7648 , 9
7649 , 1
7650 , 7
7651 , 3
7652 , 4
7653 , 5
7654 , 8
7655 , 10
7656 , 4
7657 , 7
7658 , 3
7659 , 1
7660 , 1
7661 , 6
7662 , 7
7663 , 7
7664 , 8
7665 , 7
7666 , 5
7667 , 10
7668 , 4
7669 , 7
7670 , 4
7671 , 7
7672 , 10
7673 , 8
7674 , 9
7675 , 1
7676 , 10
7677 , 3
7678 , 2
7679 , 7
7680 , 7
7681 , 8
7682 , 9
7683 , 3
7684 , 2
7685 , 3
7686 , 6
7687 , 4
7688 , 10
7689 , 8
7690 , 6
7691 , 6
7692 , 1
7693 , 5
7694 , 3
7695 , 10
7696 , 8
7697 , 8
7698 , 3
7699 , 10
7700 , 6
7701 , 8
7702 , 10
7703 , 4
7704 , 10
7705 , 5
7706 , 10
7707 , 6
7708 , 1
7709 , 3
7710 , 3
7711 , 6
7712 , 3
7713 , 10
7714 , 8
7715 , 3
7716 , 1
7717 , 9
7718 , 4
7719 , 2
7720 , 1
7721 , 10
7722 , 2
7723 , 7
7724 , 6
7725 , 8
7726 , 8
7727 , 7
7728 , 8
7729 , 5
7730 , 5
7731 , 8
7732 , 7
7733 , 3
7734 , 6
7735 , 9
7736 , 1
7737 , 10
7738 , 6
7739 , 6
7740 , 10
7741 , 2
7742 , 1
7743 , 4
7744 , 4
7745 , 4
7746 , 7
7747 , 4
7748 , 6
7749 , 2
7750 , 6
7751 , 6
7752 , 6
7753 , 10
7754 , 1
7755 , 6
7756 , 6
7757 , 8
7758 , 4
7759 , 6
7760 , 8
7761 , 10
7762 , 2
7763 , 8
7764 , 10
7765 , 8
7766 , 2
7767 , 5
7768 , 4
7769 , 1
7770 , 8
7771 , 2
7772 , 6
7773 , 7
7774 , 10
7775 , 1
7776 , 4
7777 , 6
7778 , 3
7779 , 8
7780 , 7
7781 , 10
7782 , 7
7783 , 1
7784 , 8
7785 , 7
7786 , 4
7787 , 1
7788 , 6
7789 , 1
7790 , 7
7791 , 3
7792 , 10
7793 , 5
7794 , 6
7795 , 10
7796 , 6
7797 , 9
7798 , 8
7799 , 5
7800 , 6
7801 , 8
7802 , 8
7803 , 3
7804 , 2
7805 , 7
7806 , 2
7807 , 6
7808 , 1
7809 , 6
7810 , 10
7811 , 9
7812 , 9
7813 , 6
7814 , 1
7815 , 4
7816 , 8
7817 , 3
7818 , 1
7819 , 9
7820 , 4
7821 , 6
7822 , 9
7823 , 7
7824 , 6
7825 , 1
7826 , 1
7827 , 3
7828 , 8
7829 , 3
7830 , 6
7831 , 10
7832 , 4
7833 , 9
7834 , 7
7835 , 6
7836 , 8
7837 , 10
7838 , 4
7839 , 4
7840 , 2
7841 , 6
7842 , 3
7843 , 9
7844 , 3
7845 , 2
7846 , 1
7847 , 1
7848 , 7
7849 , 6
7850 , 9
7851 , 10
7852 , 6
7853 , 8
7854 , 9
7855 , 6
7856 , 6
7857 , 8
7858 , 1
7859 , 5
7860 , 6
7861 , 1
7862 , 3
7863 , 4
7864 , 4
7865 , 5
7866 , 10
7867 , 6
7868 , 4
7869 , 9
7870 , 1
7871 , 7
7872 , 6
7873 , 7
7874 , 4
7875 , 8
7876 , 9
7877 , 5
7878 , 1
7879 , 6
7880 , 3
7881 , 10
7882 , 4
7883 , 5
7884 , 2
7885 , 7
7886 , 2
7887 , 4
7888 , 8
7889 , 3
7890 , 1
7891 , 5
7892 , 4
7893 , 10
7894 , 10
7895 , 10
7896 , 9
7897 , 5
7898 , 8
7899 , 6
7900 , 7
7901 , 3
7902 , 9
7903 , 6
7904 , 4
7905 , 3
7906 , 3
7907 , 2
7908 , 9
7909 , 9
7910 , 5
7911 , 5
7912 , 1
7913 , 1
7914 , 10
7915 , 8
7916 , 6
7917 , 6
7918 , 10
7919 , 9
7920 , 10
7921 , 10
7922 , 10
7923 , 9
7924 , 8
7925 , 10
7926 , 10
7927 , 5
7928 , 6
7929 , 7
7930 , 9
7931 , 5
7932 , 5
7933 , 7
7934 , 7
7935 , 3
7936 , 6
7937 , 3
7938 , 10
7939 , 10
7940 , 6
7941 , 5
7942 , 3
7943 , 2
7944 , 10
7945 , 6
7946 , 10
7947 , 9
7948 , 2
7949 , 8
7950 , 7
7951 , 8
7952 , 6
7953 , 10
7954 , 5
7955 , 4
7956 , 8
7957 , 1
7958 , 1
7959 , 1
7960 , 10
7961 , 5
7962 , 2
7963 , 7
7964 , 8
7965 , 8
7966 , 9
7967 , 3
7968 , 4
7969 , 5
7970 , 8
7971 , 10
7972 , 5
7973 , 5
7974 , 3
7975 , 9
7976 , 1
7977 , 9
7978 , 3
7979 , 3
7980 , 6
7981 , 1
7982 , 4
7983 , 7
7984 , 10
7985 , 7
7986 , 5
7987 , 3
7988 , 7
7989 , 4
7990 , 1
7991 , 10
7992 , 8
7993 , 3
7994 , 9
7995 , 6
7996 , 3
7997 , 6
7998 , 9
7999 , 10
8000 , 9